chain,number,residue
H,25,Val
H,26,Ser
H,27,Gly
H,28,Tyr
H,29,Ser
H,30,Ile
H,31,Thr
H,35,Ser
H,36,Gly
H,37,Tyr
H,38,Ser
H,39,Trp
H,40,Asn
H,54,Ala
H,55,Ser
H,56,Ile
H,57,Lys
H,58,Tyr
H,59,Ser
H,63,Gly
H,64,Glu
H,65,Thr
H,66,Lys
H,67,Tyr
H,103,Tyr
H,104,Cys
H,105,Ala
H,106,Arg
H,107,Gly
H,108,Ser
H,109,His
H,110,Tyr
H,111,Phe
H,112,His
H,112A,Gly
H,113,Trp
H,114,His
H,115,Phe
H,116,Ala
H,117,Val
H,118,Trp
H,119,Gly
L,25,Ala
L,26,Ser
L,27,Lys
L,28,Pro
L,29,Val
L,30,Asp
L,31,Gly
L,34,Glu
L,35,Gly
L,36,Asp
L,37,Ser
L,38,Tyr
L,39,Leu
L,40,Asn
L,54,Ile
L,55,Tyr
L,56,Ala
L,57,Ala
L,65,Ser
L,66,Tyr
L,67,Leu
L,103,Tyr
L,104,Cys
L,105,Gln
L,106,Gln
L,107,Ser
L,108,His
L,109,Glu
L,114,Asp
L,115,Pro
L,116,Tyr
L,117,Thr
L,118,Phe
L,119,Gly