,pdb,model,paratope_rmsd,paratope_conf,h3_rmsd,h3_conf
0,7rfb_A0-B0,IgFold,2.799,-1.000,3.217,-1.000
1,7rfb_A0-B0,ABodyBuilder2,3.428,1.302,3.975,1.894
2,7rfb_A0-B0,AF2,3.930,73.753,5.005,75.503
3,7rfb_A0-B0,ABlooper,3.984,-1.000,4.375,-1.000
4,7rfb_A0-B0,ABB2_ensemble_rank0,3.428,-1.000,3.975,-1.000
5,7rfb_A0-B0,ABB2_ensemble_rank1,3.768,-1.000,4.418,-1.000
6,7rfb_A0-B0,ABB2_ensemble_rank2,3.434,-1.000,4.271,-1.000
7,7rfb_A0-B0,ABB2_ensemble_rank3,2.204,-1.000,2.675,-1.000
8,7rfb_A0-B0,AF2_ensemble_rank0,3.930,-1.000,5.005,-1.000
9,7rfb_A0-B0,AF2_ensemble_rank1,4.972,-1.000,6.279,-1.000
10,7rfb_A0-B0,AF2_ensemble_rank2,4.243,-1.000,5.273,-1.000
11,7rfb_A0-B0,AF2_ensemble_rank3,4.909,-1.000,6.230,-1.000
12,7rfb_A0-B0,AF2_ensemble_rank4,4.872,-1.000,6.217,-1.000
13,7rfb_A0-B0,IG_ensemble_rank0,2.799,-1.000,3.217,-1.000
14,7rfb_A0-B0,IG_ensemble_rank1,2.435,-1.000,2.912,-1.000
15,7rfb_A0-B0,IG_ensemble_rank2,2.421,-1.000,3.000,-1.000
16,7rfb_A0-B0,IG_ensemble_rank3,2.323,-1.000,2.721,-1.000
17,7rfb_A0-B0,clens,2.323,-1.000,2.721,-1.000
18,7ps1_A0-B0,IgFold,1.288,-1.000,1.324,-1.000
19,7ps1_A0-B0,ABodyBuilder2,0.822,0.360,0.337,0.323
20,7ps1_A0-B0,AF2,1.525,85.717,1.710,85.575
21,7ps1_A0-B0,ABlooper,2.086,-1.000,1.834,-1.000
22,7ps1_A0-B0,ABB2_ensemble_rank0,0.822,-1.000,0.337,-1.000
23,7ps1_A0-B0,ABB2_ensemble_rank1,1.050,-1.000,0.625,-1.000
24,7ps1_A0-B0,ABB2_ensemble_rank2,0.752,-1.000,0.274,-1.000
25,7ps1_A0-B0,ABB2_ensemble_rank3,0.777,-1.000,0.420,-1.000
26,7ps1_A0-B0,AF2_ensemble_rank0,1.525,-1.000,1.710,-1.000
27,7ps1_A0-B0,AF2_ensemble_rank1,1.225,-1.000,1.161,-1.000
28,7ps1_A0-B0,AF2_ensemble_rank2,1.823,-1.000,1.920,-1.000
29,7ps1_A0-B0,AF2_ensemble_rank3,1.572,-1.000,1.790,-1.000
30,7ps1_A0-B0,AF2_ensemble_rank4,1.668,-1.000,1.893,-1.000
31,7ps1_A0-B0,IG_ensemble_rank0,1.288,-1.000,1.324,-1.000
32,7ps1_A0-B0,IG_ensemble_rank1,1.360,-1.000,1.504,-1.000
33,7ps1_A0-B0,IG_ensemble_rank2,1.454,-1.000,1.610,-1.000
34,7ps1_A0-B0,IG_ensemble_rank3,1.387,-1.000,1.387,-1.000
35,7ps1_A0-B0,clens,0.752,-1.000,0.274,-1.000
36,7kql_H0-L0,IgFold,1.730,-1.000,2.082,-1.000
37,7kql_H0-L0,ABodyBuilder2,1.740,0.694,2.172,1.225
38,7kql_H0-L0,AF2,1.089,79.801,1.250,79.252
39,7kql_H0-L0,ABlooper,1.810,-1.000,2.023,-1.000
40,7kql_H0-L0,ABB2_ensemble_rank0,1.740,-1.000,2.172,-1.000
41,7kql_H0-L0,ABB2_ensemble_rank1,1.678,-1.000,1.867,-1.000
42,7kql_H0-L0,ABB2_ensemble_rank2,1.686,-1.000,1.723,-1.000
43,7kql_H0-L0,ABB2_ensemble_rank3,2.009,-1.000,2.382,-1.000
44,7kql_H0-L0,AF2_ensemble_rank0,1.089,-1.000,1.250,-1.000
45,7kql_H0-L0,AF2_ensemble_rank1,1.296,-1.000,1.551,-1.000
46,7kql_H0-L0,AF2_ensemble_rank2,1.234,-1.000,1.468,-1.000
47,7kql_H0-L0,AF2_ensemble_rank3,1.398,-1.000,1.570,-1.000
48,7kql_H0-L0,AF2_ensemble_rank4,1.443,-1.000,1.683,-1.000
49,7kql_H0-L0,IG_ensemble_rank0,1.730,-1.000,2.082,-1.000
50,7kql_H0-L0,IG_ensemble_rank1,1.664,-1.000,1.789,-1.000
51,7kql_H0-L0,IG_ensemble_rank2,1.557,-1.000,1.628,-1.000
52,7kql_H0-L0,IG_ensemble_rank3,1.510,-1.000,1.379,-1.000
53,7kql_H0-L0,clens,1.234,-1.000,1.468,-1.000
54,7si0_I0-J0,IgFold,1.747,-1.000,1.824,-1.000
55,7si0_I0-J0,ABodyBuilder2,1.698,0.315,1.803,0.296
56,7si0_I0-J0,AF2,1.354,86.154,1.203,87.221
57,7si0_I0-J0,ABlooper,1.762,-1.000,1.404,-1.000
58,7si0_I0-J0,ABB2_ensemble_rank0,1.698,-1.000,1.803,-1.000
59,7si0_I0-J0,ABB2_ensemble_rank1,1.712,-1.000,1.866,-1.000
60,7si0_I0-J0,ABB2_ensemble_rank2,1.761,-1.000,1.891,-1.000
61,7si0_I0-J0,ABB2_ensemble_rank3,1.646,-1.000,1.603,-1.000
62,7si0_I0-J0,AF2_ensemble_rank0,1.354,-1.000,1.203,-1.000
63,7si0_I0-J0,AF2_ensemble_rank1,1.818,-1.000,1.921,-1.000
64,7si0_I0-J0,AF2_ensemble_rank2,1.524,-1.000,1.517,-1.000
65,7si0_I0-J0,AF2_ensemble_rank3,1.786,-1.000,1.857,-1.000
66,7si0_I0-J0,AF2_ensemble_rank4,1.364,-1.000,1.267,-1.000
67,7si0_I0-J0,IG_ensemble_rank0,1.747,-1.000,1.824,-1.000
68,7si0_I0-J0,IG_ensemble_rank1,1.754,-1.000,1.838,-1.000
69,7si0_I0-J0,IG_ensemble_rank2,1.698,-1.000,1.792,-1.000
70,7si0_I0-J0,IG_ensemble_rank3,1.801,-1.000,1.800,-1.000
71,7si0_I0-J0,clens,1.524,-1.000,1.404,-1.000
72,7q0i_H0-L0,IgFold,2.225,-1.000,2.811,-1.000
73,7q0i_H0-L0,ABodyBuilder2,2.108,1.152,2.647,2.199
74,7q0i_H0-L0,AF2,1.399,90.070,1.572,91.042
75,7q0i_H0-L0,ABlooper,2.946,-1.000,3.544,-1.000
76,7q0i_H0-L0,ABB2_ensemble_rank0,2.108,-1.000,2.647,-1.000
77,7q0i_H0-L0,ABB2_ensemble_rank1,2.502,-1.000,3.178,-1.000
78,7q0i_H0-L0,ABB2_ensemble_rank2,2.289,-1.000,2.766,-1.000
79,7q0i_H0-L0,ABB2_ensemble_rank3,3.186,-1.000,4.136,-1.000
80,7q0i_H0-L0,AF2_ensemble_rank0,1.399,-1.000,1.572,-1.000
81,7q0i_H0-L0,AF2_ensemble_rank1,1.424,-1.000,1.404,-1.000
82,7q0i_H0-L0,AF2_ensemble_rank2,1.412,-1.000,1.389,-1.000
83,7q0i_H0-L0,AF2_ensemble_rank3,3.244,-1.000,4.349,-1.000
84,7q0i_H0-L0,AF2_ensemble_rank4,1.168,-1.000,1.120,-1.000
85,7q0i_H0-L0,IG_ensemble_rank0,2.225,-1.000,2.811,-1.000
86,7q0i_H0-L0,IG_ensemble_rank1,2.200,-1.000,2.711,-1.000
87,7q0i_H0-L0,IG_ensemble_rank2,2.350,-1.000,2.939,-1.000
88,7q0i_H0-L0,IG_ensemble_rank3,2.116,-1.000,2.822,-1.000
89,7q0i_H0-L0,clens,1.412,-1.000,1.389,-1.000
90,7mzi_H0-L0,IgFold,1.014,-1.000,0.605,-1.000
91,7mzi_H0-L0,ABodyBuilder2,1.095,0.406,0.856,0.363
92,7mzi_H0-L0,AF2,0.665,96.360,0.344,96.659
93,7mzi_H0-L0,ABlooper,1.615,-1.000,1.464,-1.000
94,7mzi_H0-L0,ABB2_ensemble_rank0,1.095,-1.000,0.856,-1.000
95,7mzi_H0-L0,ABB2_ensemble_rank1,0.865,-1.000,0.478,-1.000
96,7mzi_H0-L0,ABB2_ensemble_rank2,0.998,-1.000,0.844,-1.000
97,7mzi_H0-L0,ABB2_ensemble_rank3,0.956,-1.000,0.870,-1.000
98,7mzi_H0-L0,AF2_ensemble_rank0,0.665,-1.000,0.344,-1.000
99,7mzi_H0-L0,AF2_ensemble_rank1,0.653,-1.000,0.405,-1.000
100,7mzi_H0-L0,AF2_ensemble_rank2,0.630,-1.000,0.355,-1.000
101,7mzi_H0-L0,AF2_ensemble_rank3,0.619,-1.000,0.394,-1.000
102,7mzi_H0-L0,AF2_ensemble_rank4,0.641,-1.000,0.350,-1.000
103,7mzi_H0-L0,IG_ensemble_rank0,1.014,-1.000,0.605,-1.000
104,7mzi_H0-L0,IG_ensemble_rank1,1.016,-1.000,0.951,-1.000
105,7mzi_H0-L0,IG_ensemble_rank2,1.057,-1.000,0.720,-1.000
106,7mzi_H0-L0,IG_ensemble_rank3,0.989,-1.000,0.691,-1.000
107,7mzi_H0-L0,clens,0.630,-1.000,0.355,-1.000
108,7k9j_H0-L0,IgFold,1.464,-1.000,1.339,-1.000
109,7k9j_H0-L0,ABodyBuilder2,1.121,0.572,0.628,0.619
110,7k9j_H0-L0,AF2,0.915,95.598,0.478,95.494
111,7k9j_H0-L0,ABlooper,2.060,-1.000,2.174,-1.000
112,7k9j_H0-L0,ABB2_ensemble_rank0,1.121,-1.000,0.628,-1.000
113,7k9j_H0-L0,ABB2_ensemble_rank1,1.443,-1.000,1.040,-1.000
114,7k9j_H0-L0,ABB2_ensemble_rank2,1.672,-1.000,1.559,-1.000
115,7k9j_H0-L0,ABB2_ensemble_rank3,2.073,-1.000,1.995,-1.000
116,7k9j_H0-L0,AF2_ensemble_rank0,0.915,-1.000,0.478,-1.000
117,7k9j_H0-L0,AF2_ensemble_rank1,0.898,-1.000,0.480,-1.000
118,7k9j_H0-L0,AF2_ensemble_rank2,0.915,-1.000,0.479,-1.000
119,7k9j_H0-L0,AF2_ensemble_rank3,0.892,-1.000,0.475,-1.000
120,7k9j_H0-L0,AF2_ensemble_rank4,0.884,-1.000,0.465,-1.000
121,7k9j_H0-L0,IG_ensemble_rank0,1.464,-1.000,1.339,-1.000
122,7k9j_H0-L0,IG_ensemble_rank1,1.355,-1.000,1.368,-1.000
123,7k9j_H0-L0,IG_ensemble_rank2,1.286,-1.000,1.275,-1.000
124,7k9j_H0-L0,IG_ensemble_rank3,1.412,-1.000,1.197,-1.000
125,7k9j_H0-L0,clens,0.892,-1.000,0.475,-1.000
126,7rah_B0-A0,IgFold,0.714,-1.000,0.806,-1.000
127,7rah_B0-A0,ABodyBuilder2,0.561,0.364,0.625,0.556
128,7rah_B0-A0,AF2,0.729,94.397,0.656,93.747
129,7rah_B0-A0,ABlooper,1.644,-1.000,1.706,-1.000
130,7rah_B0-A0,ABB2_ensemble_rank0,0.561,-1.000,0.625,-1.000
131,7rah_B0-A0,ABB2_ensemble_rank1,0.706,-1.000,0.769,-1.000
132,7rah_B0-A0,ABB2_ensemble_rank2,0.717,-1.000,0.709,-1.000
133,7rah_B0-A0,ABB2_ensemble_rank3,0.898,-1.000,1.019,-1.000
134,7rah_B0-A0,AF2_ensemble_rank0,0.729,-1.000,0.656,-1.000
135,7rah_B0-A0,AF2_ensemble_rank1,0.753,-1.000,0.688,-1.000
136,7rah_B0-A0,AF2_ensemble_rank2,0.594,-1.000,0.469,-1.000
137,7rah_B0-A0,AF2_ensemble_rank3,0.729,-1.000,0.684,-1.000
138,7rah_B0-A0,AF2_ensemble_rank4,0.765,-1.000,0.679,-1.000
139,7rah_B0-A0,IG_ensemble_rank0,0.714,-1.000,0.806,-1.000
140,7rah_B0-A0,IG_ensemble_rank1,0.828,-1.000,1.110,-1.000
141,7rah_B0-A0,IG_ensemble_rank2,0.787,-1.000,0.817,-1.000
142,7rah_B0-A0,IG_ensemble_rank3,1.044,-1.000,1.335,-1.000
143,7rah_B0-A0,clens,0.717,-1.000,0.656,-1.000
144,7lr3_H0-L0,IgFold,1.111,-1.000,1.171,-1.000
145,7lr3_H0-L0,ABodyBuilder2,0.810,0.431,0.952,0.271
146,7lr3_H0-L0,AF2,0.779,95.043,0.652,95.289
147,7lr3_H0-L0,ABlooper,1.545,-1.000,1.436,-1.000
148,7lr3_H0-L0,ABB2_ensemble_rank0,0.810,-1.000,0.952,-1.000
149,7lr3_H0-L0,ABB2_ensemble_rank1,0.862,-1.000,0.842,-1.000
150,7lr3_H0-L0,ABB2_ensemble_rank2,1.050,-1.000,1.023,-1.000
151,7lr3_H0-L0,ABB2_ensemble_rank3,0.790,-1.000,0.919,-1.000
152,7lr3_H0-L0,AF2_ensemble_rank0,0.779,-1.000,0.652,-1.000
153,7lr3_H0-L0,AF2_ensemble_rank1,0.838,-1.000,0.668,-1.000
154,7lr3_H0-L0,AF2_ensemble_rank2,0.757,-1.000,0.641,-1.000
155,7lr3_H0-L0,AF2_ensemble_rank3,0.773,-1.000,0.641,-1.000
156,7lr3_H0-L0,AF2_ensemble_rank4,0.825,-1.000,0.680,-1.000
157,7lr3_H0-L0,IG_ensemble_rank0,1.111,-1.000,1.171,-1.000
158,7lr3_H0-L0,IG_ensemble_rank1,1.130,-1.000,1.210,-1.000
159,7lr3_H0-L0,IG_ensemble_rank2,1.097,-1.000,1.190,-1.000
160,7lr3_H0-L0,IG_ensemble_rank3,1.066,-1.000,1.193,-1.000
161,7lr3_H0-L0,clens,0.810,-1.000,0.680,-1.000
162,7qu2_A0-B0,IgFold,1.902,-1.000,2.667,-1.000
163,7qu2_A0-B0,ABodyBuilder2,1.480,0.744,1.918,1.244
164,7qu2_A0-B0,AF2,2.210,93.463,2.733,91.032
165,7qu2_A0-B0,ABlooper,2.705,-1.000,3.637,-1.000
166,7qu2_A0-B0,ABB2_ensemble_rank0,1.480,-1.000,1.918,-1.000
167,7qu2_A0-B0,ABB2_ensemble_rank1,2.285,-1.000,3.033,-1.000
168,7qu2_A0-B0,ABB2_ensemble_rank2,1.761,-1.000,2.238,-1.000
169,7qu2_A0-B0,ABB2_ensemble_rank3,1.933,-1.000,2.260,-1.000
170,7qu2_A0-B0,AF2_ensemble_rank0,2.210,-1.000,2.733,-1.000
171,7qu2_A0-B0,AF2_ensemble_rank1,1.242,-1.000,1.502,-1.000
172,7qu2_A0-B0,AF2_ensemble_rank2,2.077,-1.000,2.606,-1.000
173,7qu2_A0-B0,AF2_ensemble_rank3,2.049,-1.000,2.580,-1.000
174,7qu2_A0-B0,AF2_ensemble_rank4,1.779,-1.000,2.056,-1.000
175,7qu2_A0-B0,IG_ensemble_rank0,1.902,-1.000,2.667,-1.000
176,7qu2_A0-B0,IG_ensemble_rank1,1.894,-1.000,2.701,-1.000
177,7qu2_A0-B0,IG_ensemble_rank2,2.192,-1.000,2.670,-1.000
178,7qu2_A0-B0,IG_ensemble_rank3,2.015,-1.000,2.533,-1.000
179,7qu2_A0-B0,clens,1.480,-1.000,1.918,-1.000
180,7mzm_H0-L0,IgFold,4.347,-1.000,5.224,-1.000
181,7mzm_H0-L0,ABodyBuilder2,4.695,1.603,5.618,2.990
182,7mzm_H0-L0,AF2,2.605,79.072,3.225,68.999
183,7mzm_H0-L0,ABlooper,2.708,-1.000,3.952,-1.000
184,7mzm_H0-L0,ABB2_ensemble_rank0,4.695,-1.000,5.618,-1.000
185,7mzm_H0-L0,ABB2_ensemble_rank1,4.723,-1.000,5.259,-1.000
186,7mzm_H0-L0,ABB2_ensemble_rank2,3.678,-1.000,4.619,-1.000
187,7mzm_H0-L0,ABB2_ensemble_rank3,6.417,-1.000,7.596,-1.000
188,7mzm_H0-L0,AF2_ensemble_rank0,2.605,-1.000,3.225,-1.000
189,7mzm_H0-L0,AF2_ensemble_rank1,2.417,-1.000,2.967,-1.000
190,7mzm_H0-L0,AF2_ensemble_rank2,2.507,-1.000,3.115,-1.000
191,7mzm_H0-L0,AF2_ensemble_rank3,2.582,-1.000,3.199,-1.000
192,7mzm_H0-L0,AF2_ensemble_rank4,2.376,-1.000,2.917,-1.000
193,7mzm_H0-L0,IG_ensemble_rank0,4.347,-1.000,5.224,-1.000
194,7mzm_H0-L0,IG_ensemble_rank1,4.981,-1.000,6.018,-1.000
195,7mzm_H0-L0,IG_ensemble_rank2,3.821,-1.000,4.770,-1.000
196,7mzm_H0-L0,IG_ensemble_rank3,4.611,-1.000,5.415,-1.000
197,7mzm_H0-L0,clens,2.507,-1.000,3.115,-1.000
198,7kyo_H0-L0,IgFold,2.998,-1.000,3.380,-1.000
199,7kyo_H0-L0,ABodyBuilder2,1.432,0.562,1.720,0.802
200,7kyo_H0-L0,AF2,2.842,88.669,3.348,86.730
201,7kyo_H0-L0,ABlooper,3.620,-1.000,3.704,-1.000
202,7kyo_H0-L0,ABB2_ensemble_rank0,1.432,-1.000,1.720,-1.000
203,7kyo_H0-L0,ABB2_ensemble_rank1,1.895,-1.000,2.264,-1.000
204,7kyo_H0-L0,ABB2_ensemble_rank2,2.132,-1.000,2.424,-1.000
205,7kyo_H0-L0,ABB2_ensemble_rank3,1.344,-1.000,1.349,-1.000
206,7kyo_H0-L0,AF2_ensemble_rank0,2.842,-1.000,3.348,-1.000
207,7kyo_H0-L0,AF2_ensemble_rank1,2.929,-1.000,3.446,-1.000
208,7kyo_H0-L0,AF2_ensemble_rank2,2.895,-1.000,3.394,-1.000
209,7kyo_H0-L0,AF2_ensemble_rank3,2.851,-1.000,3.354,-1.000
210,7kyo_H0-L0,AF2_ensemble_rank4,2.780,-1.000,3.314,-1.000
211,7kyo_H0-L0,IG_ensemble_rank0,2.998,-1.000,3.380,-1.000
212,7kyo_H0-L0,IG_ensemble_rank1,2.626,-1.000,3.071,-1.000
213,7kyo_H0-L0,IG_ensemble_rank2,2.959,-1.000,3.422,-1.000
214,7kyo_H0-L0,IG_ensemble_rank3,2.773,-1.000,3.176,-1.000
215,7kyo_H0-L0,clens,1.344,-1.000,1.349,-1.000
216,7b0b_H0-L0,IgFold,1.501,-1.000,1.970,-1.000
217,7b0b_H0-L0,ABodyBuilder2,0.574,0.658,0.659,0.698
218,7b0b_H0-L0,AF2,1.460,88.077,2.529,85.964
219,7b0b_H0-L0,ABlooper,2.084,-1.000,2.461,-1.000
220,7b0b_H0-L0,ABB2_ensemble_rank0,0.574,-1.000,0.659,-1.000
221,7b0b_H0-L0,ABB2_ensemble_rank1,0.764,-1.000,0.997,-1.000
222,7b0b_H0-L0,ABB2_ensemble_rank2,0.935,-1.000,0.972,-1.000
223,7b0b_H0-L0,ABB2_ensemble_rank3,0.420,-1.000,0.426,-1.000
224,7b0b_H0-L0,AF2_ensemble_rank0,1.460,-1.000,2.529,-1.000
225,7b0b_H0-L0,AF2_ensemble_rank1,2.109,-1.000,3.015,-1.000
226,7b0b_H0-L0,AF2_ensemble_rank2,1.959,-1.000,2.821,-1.000
227,7b0b_H0-L0,AF2_ensemble_rank3,1.923,-1.000,2.666,-1.000
228,7b0b_H0-L0,AF2_ensemble_rank4,1.342,-1.000,2.048,-1.000
229,7b0b_H0-L0,IG_ensemble_rank0,1.501,-1.000,1.970,-1.000
230,7b0b_H0-L0,IG_ensemble_rank1,1.720,-1.000,1.810,-1.000
231,7b0b_H0-L0,IG_ensemble_rank2,1.807,-1.000,2.362,-1.000
232,7b0b_H0-L0,IG_ensemble_rank3,2.106,-1.000,2.611,-1.000
233,7b0b_H0-L0,clens,0.574,-1.000,0.659,-1.000
234,7qny_A0-B0,IgFold,2.804,-1.000,4.148,-1.000
235,7qny_A0-B0,ABodyBuilder2,3.221,0.636,4.480,2.084
236,7qny_A0-B0,AF2,3.060,87.950,4.880,74.970
237,7qny_A0-B0,ABlooper,2.694,-1.000,3.814,-1.000
238,7qny_A0-B0,ABB2_ensemble_rank0,3.221,-1.000,4.480,-1.000
239,7qny_A0-B0,ABB2_ensemble_rank1,2.953,-1.000,4.233,-1.000
240,7qny_A0-B0,ABB2_ensemble_rank2,2.474,-1.000,3.088,-1.000
241,7qny_A0-B0,ABB2_ensemble_rank3,3.667,-1.000,5.000,-1.000
242,7qny_A0-B0,AF2_ensemble_rank0,3.060,-1.000,4.880,-1.000
243,7qny_A0-B0,AF2_ensemble_rank1,3.043,-1.000,4.899,-1.000
244,7qny_A0-B0,AF2_ensemble_rank2,3.008,-1.000,4.739,-1.000
245,7qny_A0-B0,AF2_ensemble_rank3,2.996,-1.000,4.758,-1.000
246,7qny_A0-B0,AF2_ensemble_rank4,2.966,-1.000,4.721,-1.000
247,7qny_A0-B0,IG_ensemble_rank0,2.804,-1.000,4.148,-1.000
248,7qny_A0-B0,IG_ensemble_rank1,2.949,-1.000,4.332,-1.000
249,7qny_A0-B0,IG_ensemble_rank2,2.652,-1.000,3.901,-1.000
250,7qny_A0-B0,IG_ensemble_rank3,2.872,-1.000,4.143,-1.000
251,7qny_A0-B0,clens,2.694,-1.000,3.814,-1.000
252,7n4i_H0-L0,IgFold,1.289,-1.000,1.532,-1.000
253,7n4i_H0-L0,ABodyBuilder2,2.793,0.846,3.241,1.131
254,7n4i_H0-L0,AF2,1.880,96.758,2.239,96.486
255,7n4i_H0-L0,ABlooper,2.532,-1.000,2.634,-1.000
256,7n4i_H0-L0,ABB2_ensemble_rank0,2.793,-1.000,3.241,-1.000
257,7n4i_H0-L0,ABB2_ensemble_rank1,2.747,-1.000,3.170,-1.000
258,7n4i_H0-L0,ABB2_ensemble_rank2,2.100,-1.000,2.567,-1.000
259,7n4i_H0-L0,ABB2_ensemble_rank3,2.032,-1.000,2.344,-1.000
260,7n4i_H0-L0,AF2_ensemble_rank0,1.880,-1.000,2.239,-1.000
261,7n4i_H0-L0,AF2_ensemble_rank1,1.860,-1.000,2.224,-1.000
262,7n4i_H0-L0,AF2_ensemble_rank2,1.879,-1.000,2.069,-1.000
263,7n4i_H0-L0,AF2_ensemble_rank3,1.884,-1.000,2.076,-1.000
264,7n4i_H0-L0,AF2_ensemble_rank4,1.876,-1.000,2.066,-1.000
265,7n4i_H0-L0,IG_ensemble_rank0,1.289,-1.000,1.532,-1.000
266,7n4i_H0-L0,IG_ensemble_rank1,1.439,-1.000,1.745,-1.000
267,7n4i_H0-L0,IG_ensemble_rank2,1.377,-1.000,1.674,-1.000
268,7n4i_H0-L0,IG_ensemble_rank3,1.205,-1.000,1.417,-1.000
269,7n4i_H0-L0,clens,1.439,-1.000,1.745,-1.000
270,7k7h_H0-L0,IgFold,1.293,-1.000,1.146,-1.000
271,7k7h_H0-L0,ABodyBuilder2,0.891,0.471,0.612,0.399
272,7k7h_H0-L0,AF2,1.238,89.713,1.105,89.934
273,7k7h_H0-L0,ABlooper,1.479,-1.000,1.546,-1.000
274,7k7h_H0-L0,ABB2_ensemble_rank0,0.891,-1.000,0.612,-1.000
275,7k7h_H0-L0,ABB2_ensemble_rank1,0.723,-1.000,0.618,-1.000
276,7k7h_H0-L0,ABB2_ensemble_rank2,0.923,-1.000,0.740,-1.000
277,7k7h_H0-L0,ABB2_ensemble_rank3,1.116,-1.000,0.753,-1.000
278,7k7h_H0-L0,AF2_ensemble_rank0,1.238,-1.000,1.105,-1.000
279,7k7h_H0-L0,AF2_ensemble_rank1,1.284,-1.000,1.156,-1.000
280,7k7h_H0-L0,AF2_ensemble_rank2,1.285,-1.000,1.108,-1.000
281,7k7h_H0-L0,AF2_ensemble_rank3,1.257,-1.000,1.128,-1.000
282,7k7h_H0-L0,AF2_ensemble_rank4,1.258,-1.000,1.123,-1.000
283,7k7h_H0-L0,IG_ensemble_rank0,1.293,-1.000,1.146,-1.000
284,7k7h_H0-L0,IG_ensemble_rank1,1.280,-1.000,1.223,-1.000
285,7k7h_H0-L0,IG_ensemble_rank2,1.269,-1.000,1.498,-1.000
286,7k7h_H0-L0,IG_ensemble_rank3,1.219,-1.000,1.076,-1.000
287,7k7h_H0-L0,clens,0.891,-1.000,0.612,-1.000
288,7msq_D0-E0,IgFold,5.747,-1.000,5.721,-1.000
289,7msq_D0-E0,ABodyBuilder2,5.307,1.925,4.929,2.325
290,7msq_D0-E0,AF2,5.777,71.291,5.678,79.772
291,7msq_D0-E0,ABlooper,4.156,-1.000,4.598,-1.000
292,7msq_D0-E0,ABB2_ensemble_rank0,5.307,-1.000,4.929,-1.000
293,7msq_D0-E0,ABB2_ensemble_rank1,6.484,-1.000,6.065,-1.000
294,7msq_D0-E0,ABB2_ensemble_rank2,6.541,-1.000,6.855,-1.000
295,7msq_D0-E0,ABB2_ensemble_rank3,6.288,-1.000,6.256,-1.000
296,7msq_D0-E0,AF2_ensemble_rank0,5.777,-1.000,5.678,-1.000
297,7msq_D0-E0,AF2_ensemble_rank1,6.025,-1.000,6.083,-1.000
298,7msq_D0-E0,AF2_ensemble_rank2,5.971,-1.000,5.974,-1.000
299,7msq_D0-E0,AF2_ensemble_rank3,5.665,-1.000,5.556,-1.000
300,7msq_D0-E0,AF2_ensemble_rank4,6.368,-1.000,6.412,-1.000
301,7msq_D0-E0,IG_ensemble_rank0,5.747,-1.000,5.721,-1.000
302,7msq_D0-E0,IG_ensemble_rank1,5.853,-1.000,5.848,-1.000
303,7msq_D0-E0,IG_ensemble_rank2,5.612,-1.000,5.620,-1.000
304,7msq_D0-E0,IG_ensemble_rank3,5.935,-1.000,5.939,-1.000
305,7msq_D0-E0,clens,4.156,-1.000,4.598,-1.000
306,7ps2_A0-B0,IgFold,3.292,-1.000,4.299,-1.000
307,7ps2_A0-B0,ABodyBuilder2,3.385,0.849,4.664,1.470
308,7ps2_A0-B0,AF2,3.562,81.487,4.704,77.690
309,7ps2_A0-B0,ABlooper,3.595,-1.000,4.244,-1.000
310,7ps2_A0-B0,ABB2_ensemble_rank0,3.385,-1.000,4.664,-1.000
311,7ps2_A0-B0,ABB2_ensemble_rank1,2.972,-1.000,4.306,-1.000
312,7ps2_A0-B0,ABB2_ensemble_rank2,3.518,-1.000,4.562,-1.000
313,7ps2_A0-B0,ABB2_ensemble_rank3,3.685,-1.000,5.164,-1.000
314,7ps2_A0-B0,AF2_ensemble_rank0,3.562,-1.000,4.704,-1.000
315,7ps2_A0-B0,AF2_ensemble_rank1,3.474,-1.000,4.488,-1.000
316,7ps2_A0-B0,AF2_ensemble_rank2,3.663,-1.000,4.637,-1.000
317,7ps2_A0-B0,AF2_ensemble_rank3,3.379,-1.000,4.603,-1.000
318,7ps2_A0-B0,AF2_ensemble_rank4,3.497,-1.000,4.625,-1.000
319,7ps2_A0-B0,IG_ensemble_rank0,3.292,-1.000,4.299,-1.000
320,7ps2_A0-B0,IG_ensemble_rank1,3.088,-1.000,4.272,-1.000
321,7ps2_A0-B0,IG_ensemble_rank2,3.213,-1.000,4.280,-1.000
322,7ps2_A0-B0,IG_ensemble_rank3,3.447,-1.000,4.478,-1.000
323,7ps2_A0-B0,clens,3.385,-1.000,4.244,-1.000
324,7s0b_A0-B0,IgFold,2.175,-1.000,2.517,-1.000
325,7s0b_A0-B0,ABodyBuilder2,1.727,0.554,2.058,0.809
326,7s0b_A0-B0,AF2,2.080,86.513,2.641,82.348
327,7s0b_A0-B0,ABlooper,2.038,-1.000,2.313,-1.000
328,7s0b_A0-B0,ABB2_ensemble_rank0,1.727,-1.000,2.058,-1.000
329,7s0b_A0-B0,ABB2_ensemble_rank1,1.708,-1.000,2.210,-1.000
330,7s0b_A0-B0,ABB2_ensemble_rank2,1.987,-1.000,2.582,-1.000
331,7s0b_A0-B0,ABB2_ensemble_rank3,1.127,-1.000,1.180,-1.000
332,7s0b_A0-B0,AF2_ensemble_rank0,2.080,-1.000,2.641,-1.000
333,7s0b_A0-B0,AF2_ensemble_rank1,2.146,-1.000,2.718,-1.000
334,7s0b_A0-B0,AF2_ensemble_rank2,2.162,-1.000,2.755,-1.000
335,7s0b_A0-B0,AF2_ensemble_rank3,2.706,-1.000,3.435,-1.000
336,7s0b_A0-B0,AF2_ensemble_rank4,1.521,-1.000,1.757,-1.000
337,7s0b_A0-B0,IG_ensemble_rank0,2.175,-1.000,2.517,-1.000
338,7s0b_A0-B0,IG_ensemble_rank1,2.166,-1.000,2.661,-1.000
339,7s0b_A0-B0,IG_ensemble_rank2,2.470,-1.000,2.958,-1.000
340,7s0b_A0-B0,IG_ensemble_rank3,2.444,-1.000,2.894,-1.000
341,7s0b_A0-B0,clens,1.521,-1.000,1.757,-1.000
342,7bbg_H0-L0,IgFold,1.775,-1.000,1.957,-1.000
343,7bbg_H0-L0,ABodyBuilder2,1.872,0.682,1.975,0.717
344,7bbg_H0-L0,AF2,2.398,89.628,2.738,92.686
345,7bbg_H0-L0,ABlooper,2.418,-1.000,2.541,-1.000
346,7bbg_H0-L0,ABB2_ensemble_rank0,1.872,-1.000,1.975,-1.000
347,7bbg_H0-L0,ABB2_ensemble_rank1,1.880,-1.000,2.548,-1.000
348,7bbg_H0-L0,ABB2_ensemble_rank2,2.491,-1.000,2.991,-1.000
349,7bbg_H0-L0,ABB2_ensemble_rank3,2.267,-1.000,2.646,-1.000
350,7bbg_H0-L0,AF2_ensemble_rank0,2.398,-1.000,2.738,-1.000
351,7bbg_H0-L0,AF2_ensemble_rank1,2.351,-1.000,2.744,-1.000
352,7bbg_H0-L0,AF2_ensemble_rank2,2.341,-1.000,2.661,-1.000
353,7bbg_H0-L0,AF2_ensemble_rank3,2.408,-1.000,2.764,-1.000
354,7bbg_H0-L0,AF2_ensemble_rank4,2.335,-1.000,2.723,-1.000
355,7bbg_H0-L0,IG_ensemble_rank0,1.775,-1.000,1.957,-1.000
356,7bbg_H0-L0,IG_ensemble_rank1,1.826,-1.000,2.180,-1.000
357,7bbg_H0-L0,IG_ensemble_rank2,1.788,-1.000,2.028,-1.000
358,7bbg_H0-L0,IG_ensemble_rank3,1.700,-1.000,2.006,-1.000
359,7bbg_H0-L0,clens,1.700,-1.000,2.006,-1.000
360,7r8l_H0-L0,IgFold,1.432,-1.000,1.870,-1.000
361,7r8l_H0-L0,ABodyBuilder2,0.735,0.318,0.534,0.341
362,7r8l_H0-L0,AF2,1.358,89.865,1.170,87.479
363,7r8l_H0-L0,ABlooper,2.175,-1.000,2.514,-1.000
364,7r8l_H0-L0,ABB2_ensemble_rank0,0.735,-1.000,0.534,-1.000
365,7r8l_H0-L0,ABB2_ensemble_rank1,0.821,-1.000,0.559,-1.000
366,7r8l_H0-L0,ABB2_ensemble_rank2,0.913,-1.000,0.565,-1.000
367,7r8l_H0-L0,ABB2_ensemble_rank3,1.003,-1.000,0.698,-1.000
368,7r8l_H0-L0,AF2_ensemble_rank0,1.358,-1.000,1.170,-1.000
369,7r8l_H0-L0,AF2_ensemble_rank1,1.689,-1.000,1.905,-1.000
370,7r8l_H0-L0,AF2_ensemble_rank2,1.505,-1.000,1.504,-1.000
371,7r8l_H0-L0,AF2_ensemble_rank3,1.594,-1.000,1.738,-1.000
372,7r8l_H0-L0,AF2_ensemble_rank4,1.590,-1.000,2.018,-1.000
373,7r8l_H0-L0,IG_ensemble_rank0,1.432,-1.000,1.870,-1.000
374,7r8l_H0-L0,IG_ensemble_rank1,1.389,-1.000,1.874,-1.000
375,7r8l_H0-L0,IG_ensemble_rank2,1.408,-1.000,1.993,-1.000
376,7r8l_H0-L0,IG_ensemble_rank3,1.421,-1.000,1.765,-1.000
377,7r8l_H0-L0,clens,0.821,-1.000,0.559,-1.000
378,7mzh_H0-L0,IgFold,0.616,-1.000,0.412,-1.000
379,7mzh_H0-L0,ABodyBuilder2,0.909,0.385,0.333,0.475
380,7mzh_H0-L0,AF2,0.480,94.671,0.272,92.860
381,7mzh_H0-L0,ABlooper,1.658,-1.000,1.279,-1.000
382,7mzh_H0-L0,ABB2_ensemble_rank0,0.909,-1.000,0.333,-1.000
383,7mzh_H0-L0,ABB2_ensemble_rank1,0.905,-1.000,0.749,-1.000
384,7mzh_H0-L0,ABB2_ensemble_rank2,0.707,-1.000,0.487,-1.000
385,7mzh_H0-L0,ABB2_ensemble_rank3,0.731,-1.000,0.628,-1.000
386,7mzh_H0-L0,AF2_ensemble_rank0,0.480,-1.000,0.272,-1.000
387,7mzh_H0-L0,AF2_ensemble_rank1,0.685,-1.000,0.603,-1.000
388,7mzh_H0-L0,AF2_ensemble_rank2,0.369,-1.000,0.257,-1.000
389,7mzh_H0-L0,AF2_ensemble_rank3,0.696,-1.000,0.597,-1.000
390,7mzh_H0-L0,AF2_ensemble_rank4,0.371,-1.000,0.260,-1.000
391,7mzh_H0-L0,IG_ensemble_rank0,0.616,-1.000,0.412,-1.000
392,7mzh_H0-L0,IG_ensemble_rank1,0.696,-1.000,0.497,-1.000
393,7mzh_H0-L0,IG_ensemble_rank2,0.759,-1.000,0.705,-1.000
394,7mzh_H0-L0,IG_ensemble_rank3,0.725,-1.000,0.417,-1.000
395,7mzh_H0-L0,clens,0.480,-1.000,0.272,-1.000
396,7nx3_B0-C0,IgFold,2.246,-1.000,2.562,-1.000
397,7nx3_B0-C0,ABodyBuilder2,2.226,0.508,2.553,0.640
398,7nx3_B0-C0,AF2,2.113,84.066,2.593,79.739
399,7nx3_B0-C0,ABlooper,2.866,-1.000,2.784,-1.000
400,7nx3_B0-C0,ABB2_ensemble_rank0,2.226,-1.000,2.553,-1.000
401,7nx3_B0-C0,ABB2_ensemble_rank1,2.285,-1.000,2.635,-1.000
402,7nx3_B0-C0,ABB2_ensemble_rank2,2.088,-1.000,2.354,-1.000
403,7nx3_B0-C0,ABB2_ensemble_rank3,3.057,-1.000,3.450,-1.000
404,7nx3_B0-C0,AF2_ensemble_rank0,2.113,-1.000,2.593,-1.000
405,7nx3_B0-C0,AF2_ensemble_rank1,1.965,-1.000,2.365,-1.000
406,7nx3_B0-C0,AF2_ensemble_rank2,2.149,-1.000,2.647,-1.000
407,7nx3_B0-C0,AF2_ensemble_rank3,1.945,-1.000,2.409,-1.000
408,7nx3_B0-C0,AF2_ensemble_rank4,2.011,-1.000,2.419,-1.000
409,7nx3_B0-C0,IG_ensemble_rank0,2.246,-1.000,2.562,-1.000
410,7nx3_B0-C0,IG_ensemble_rank1,2.552,-1.000,2.844,-1.000
411,7nx3_B0-C0,IG_ensemble_rank2,2.169,-1.000,2.426,-1.000
412,7nx3_B0-C0,IG_ensemble_rank3,2.211,-1.000,2.445,-1.000
413,7nx3_B0-C0,clens,2.113,-1.000,2.553,-1.000
414,7l7r_B0-A0,IgFold,1.712,-1.000,1.489,-1.000
415,7l7r_B0-A0,ABodyBuilder2,2.631,0.638,2.929,0.906
416,7l7r_B0-A0,AF2,0.689,92.843,0.600,93.104
417,7l7r_B0-A0,ABlooper,3.591,-1.000,3.594,-1.000
418,7l7r_B0-A0,ABB2_ensemble_rank0,2.631,-1.000,2.929,-1.000
419,7l7r_B0-A0,ABB2_ensemble_rank1,3.050,-1.000,3.476,-1.000
420,7l7r_B0-A0,ABB2_ensemble_rank2,3.681,-1.000,4.104,-1.000
421,7l7r_B0-A0,ABB2_ensemble_rank3,2.397,-1.000,2.511,-1.000
422,7l7r_B0-A0,AF2_ensemble_rank0,0.689,-1.000,0.600,-1.000
423,7l7r_B0-A0,AF2_ensemble_rank1,0.641,-1.000,0.573,-1.000
424,7l7r_B0-A0,AF2_ensemble_rank2,0.684,-1.000,0.606,-1.000
425,7l7r_B0-A0,AF2_ensemble_rank3,0.686,-1.000,0.609,-1.000
426,7l7r_B0-A0,AF2_ensemble_rank4,0.683,-1.000,0.601,-1.000
427,7l7r_B0-A0,IG_ensemble_rank0,1.712,-1.000,1.489,-1.000
428,7l7r_B0-A0,IG_ensemble_rank1,1.935,-1.000,1.884,-1.000
429,7l7r_B0-A0,IG_ensemble_rank2,1.844,-1.000,1.786,-1.000
430,7l7r_B0-A0,IG_ensemble_rank3,2.455,-1.000,2.493,-1.000
431,7l7r_B0-A0,clens,0.686,-1.000,0.609,-1.000
432,7q0g_A0-B0,IgFold,2.808,-1.000,2.525,-1.000
433,7q0g_A0-B0,ABodyBuilder2,3.385,0.640,3.136,0.619
434,7q0g_A0-B0,AF2,3.306,87.563,2.944,88.612
435,7q0g_A0-B0,ABlooper,3.708,-1.000,3.016,-1.000
436,7q0g_A0-B0,ABB2_ensemble_rank0,3.385,-1.000,3.136,-1.000
437,7q0g_A0-B0,ABB2_ensemble_rank1,3.609,-1.000,3.300,-1.000
438,7q0g_A0-B0,ABB2_ensemble_rank2,3.172,-1.000,2.661,-1.000
439,7q0g_A0-B0,ABB2_ensemble_rank3,3.636,-1.000,3.357,-1.000
440,7q0g_A0-B0,AF2_ensemble_rank0,3.306,-1.000,2.944,-1.000
441,7q0g_A0-B0,AF2_ensemble_rank1,3.297,-1.000,2.889,-1.000
442,7q0g_A0-B0,AF2_ensemble_rank2,3.364,-1.000,3.056,-1.000
443,7q0g_A0-B0,AF2_ensemble_rank3,3.327,-1.000,3.024,-1.000
444,7q0g_A0-B0,AF2_ensemble_rank4,3.300,-1.000,2.959,-1.000
445,7q0g_A0-B0,IG_ensemble_rank0,2.808,-1.000,2.525,-1.000
446,7q0g_A0-B0,IG_ensemble_rank1,3.015,-1.000,2.712,-1.000
447,7q0g_A0-B0,IG_ensemble_rank2,2.911,-1.000,2.452,-1.000
448,7q0g_A0-B0,IG_ensemble_rank3,3.004,-1.000,2.726,-1.000
449,7q0g_A0-B0,clens,3.300,-1.000,2.959,-1.000
450,7phu_B0-C0,IgFold,2.383,-1.000,2.915,-1.000
451,7phu_B0-C0,ABodyBuilder2,2.921,0.774,3.951,1.361
452,7phu_B0-C0,AF2,2.521,83.329,3.228,78.301
453,7phu_B0-C0,ABlooper,2.215,-1.000,2.727,-1.000
454,7phu_B0-C0,ABB2_ensemble_rank0,2.921,-1.000,3.951,-1.000
455,7phu_B0-C0,ABB2_ensemble_rank1,2.402,-1.000,3.302,-1.000
456,7phu_B0-C0,ABB2_ensemble_rank2,2.409,-1.000,3.378,-1.000
457,7phu_B0-C0,ABB2_ensemble_rank3,2.935,-1.000,3.949,-1.000
458,7phu_B0-C0,AF2_ensemble_rank0,2.521,-1.000,3.228,-1.000
459,7phu_B0-C0,AF2_ensemble_rank1,2.435,-1.000,3.105,-1.000
460,7phu_B0-C0,AF2_ensemble_rank2,2.528,-1.000,3.229,-1.000
461,7phu_B0-C0,AF2_ensemble_rank3,2.499,-1.000,3.196,-1.000
462,7phu_B0-C0,AF2_ensemble_rank4,2.457,-1.000,3.121,-1.000
463,7phu_B0-C0,IG_ensemble_rank0,2.383,-1.000,2.915,-1.000
464,7phu_B0-C0,IG_ensemble_rank1,2.743,-1.000,3.468,-1.000
465,7phu_B0-C0,IG_ensemble_rank2,2.821,-1.000,3.570,-1.000
466,7phu_B0-C0,IG_ensemble_rank3,2.471,-1.000,3.162,-1.000
467,7phu_B0-C0,clens,2.215,-1.000,2.727,-1.000
468,7seg_H0-L0,IgFold,1.419,-1.000,1.963,-1.000
469,7seg_H0-L0,ABodyBuilder2,0.949,0.521,1.189,0.586
470,7seg_H0-L0,AF2,0.974,90.213,1.291,87.668
471,7seg_H0-L0,ABlooper,1.823,-1.000,2.191,-1.000
472,7seg_H0-L0,ABB2_ensemble_rank0,0.949,-1.000,1.189,-1.000
473,7seg_H0-L0,ABB2_ensemble_rank1,1.130,-1.000,1.483,-1.000
474,7seg_H0-L0,ABB2_ensemble_rank2,1.168,-1.000,1.606,-1.000
475,7seg_H0-L0,ABB2_ensemble_rank3,1.310,-1.000,1.825,-1.000
476,7seg_H0-L0,AF2_ensemble_rank0,0.974,-1.000,1.291,-1.000
477,7seg_H0-L0,AF2_ensemble_rank1,1.011,-1.000,1.310,-1.000
478,7seg_H0-L0,AF2_ensemble_rank2,1.045,-1.000,1.314,-1.000
479,7seg_H0-L0,AF2_ensemble_rank3,0.968,-1.000,1.280,-1.000
480,7seg_H0-L0,AF2_ensemble_rank4,1.053,-1.000,1.318,-1.000
481,7seg_H0-L0,IG_ensemble_rank0,1.419,-1.000,1.963,-1.000
482,7seg_H0-L0,IG_ensemble_rank1,1.357,-1.000,1.805,-1.000
483,7seg_H0-L0,IG_ensemble_rank2,1.365,-1.000,2.046,-1.000
484,7seg_H0-L0,IG_ensemble_rank3,1.268,-1.000,1.853,-1.000
485,7seg_H0-L0,clens,0.949,-1.000,1.189,-1.000
486,7s4s_H0-L0,IgFold,1.412,-1.000,1.989,-1.000
487,7s4s_H0-L0,ABodyBuilder2,1.622,0.447,1.917,0.563
488,7s4s_H0-L0,AF2,1.592,86.857,2.249,85.493
489,7s4s_H0-L0,ABlooper,2.247,-1.000,2.390,-1.000
490,7s4s_H0-L0,ABB2_ensemble_rank0,1.622,-1.000,1.917,-1.000
491,7s4s_H0-L0,ABB2_ensemble_rank1,1.069,-1.000,1.171,-1.000
492,7s4s_H0-L0,ABB2_ensemble_rank2,1.164,-1.000,0.772,-1.000
493,7s4s_H0-L0,ABB2_ensemble_rank3,1.379,-1.000,1.917,-1.000
494,7s4s_H0-L0,AF2_ensemble_rank0,1.592,-1.000,2.249,-1.000
495,7s4s_H0-L0,AF2_ensemble_rank1,1.564,-1.000,2.136,-1.000
496,7s4s_H0-L0,AF2_ensemble_rank2,1.536,-1.000,2.091,-1.000
497,7s4s_H0-L0,AF2_ensemble_rank3,1.599,-1.000,2.197,-1.000
498,7s4s_H0-L0,AF2_ensemble_rank4,1.562,-1.000,2.099,-1.000
499,7s4s_H0-L0,IG_ensemble_rank0,1.412,-1.000,1.989,-1.000
500,7s4s_H0-L0,IG_ensemble_rank1,1.449,-1.000,2.012,-1.000
501,7s4s_H0-L0,IG_ensemble_rank2,1.601,-1.000,2.082,-1.000
502,7s4s_H0-L0,IG_ensemble_rank3,1.589,-1.000,2.225,-1.000
503,7s4s_H0-L0,clens,1.069,-1.000,1.171,-1.000
504,7phw_B0-C0,IgFold,4.170,-1.000,4.041,-1.000
505,7phw_B0-C0,ABodyBuilder2,4.983,1.688,4.510,2.212
506,7phw_B0-C0,AF2,2.728,72.206,2.488,79.889
507,7phw_B0-C0,ABlooper,5.326,-1.000,4.988,-1.000
508,7phw_B0-C0,ABB2_ensemble_rank0,4.983,-1.000,4.510,-1.000
509,7phw_B0-C0,ABB2_ensemble_rank1,5.034,-1.000,4.988,-1.000
510,7phw_B0-C0,ABB2_ensemble_rank2,6.335,-1.000,5.898,-1.000
511,7phw_B0-C0,ABB2_ensemble_rank3,3.894,-1.000,3.846,-1.000
512,7phw_B0-C0,AF2_ensemble_rank0,2.728,-1.000,2.488,-1.000
513,7phw_B0-C0,AF2_ensemble_rank1,2.085,-1.000,1.955,-1.000
514,7phw_B0-C0,AF2_ensemble_rank2,2.629,-1.000,2.428,-1.000
515,7phw_B0-C0,AF2_ensemble_rank3,1.923,-1.000,1.768,-1.000
516,7phw_B0-C0,AF2_ensemble_rank4,2.585,-1.000,2.385,-1.000
517,7phw_B0-C0,IG_ensemble_rank0,4.170,-1.000,4.041,-1.000
518,7phw_B0-C0,IG_ensemble_rank1,3.789,-1.000,3.717,-1.000
519,7phw_B0-C0,IG_ensemble_rank2,3.509,-1.000,3.587,-1.000
520,7phw_B0-C0,IG_ensemble_rank3,4.361,-1.000,4.283,-1.000
521,7phw_B0-C0,clens,2.629,-1.000,2.428,-1.000
522,7lr4_H0-L0,IgFold,2.353,-1.000,2.450,-1.000
523,7lr4_H0-L0,ABodyBuilder2,2.563,0.843,2.453,0.953
524,7lr4_H0-L0,AF2,2.189,80.074,2.295,81.242
525,7lr4_H0-L0,ABlooper,3.590,-1.000,3.402,-1.000
526,7lr4_H0-L0,ABB2_ensemble_rank0,2.563,-1.000,2.453,-1.000
527,7lr4_H0-L0,ABB2_ensemble_rank1,2.087,-1.000,2.112,-1.000
528,7lr4_H0-L0,ABB2_ensemble_rank2,2.655,-1.000,2.692,-1.000
529,7lr4_H0-L0,ABB2_ensemble_rank3,2.891,-1.000,2.866,-1.000
530,7lr4_H0-L0,AF2_ensemble_rank0,2.189,-1.000,2.295,-1.000
531,7lr4_H0-L0,AF2_ensemble_rank1,2.105,-1.000,2.215,-1.000
532,7lr4_H0-L0,AF2_ensemble_rank2,2.131,-1.000,2.239,-1.000
533,7lr4_H0-L0,AF2_ensemble_rank3,2.142,-1.000,2.253,-1.000
534,7lr4_H0-L0,AF2_ensemble_rank4,1.952,-1.000,2.045,-1.000
535,7lr4_H0-L0,IG_ensemble_rank0,2.353,-1.000,2.450,-1.000
536,7lr4_H0-L0,IG_ensemble_rank1,2.660,-1.000,2.713,-1.000
537,7lr4_H0-L0,IG_ensemble_rank2,2.892,-1.000,2.966,-1.000
538,7lr4_H0-L0,IG_ensemble_rank3,2.583,-1.000,2.504,-1.000
539,7lr4_H0-L0,clens,2.105,-1.000,2.215,-1.000
540,7l7d_H0-L0,IgFold,1.856,-1.000,1.773,-1.000
541,7l7d_H0-L0,ABodyBuilder2,0.416,0.335,0.364,0.366
542,7l7d_H0-L0,AF2,1.368,77.457,1.734,76.934
543,7l7d_H0-L0,ABlooper,1.938,-1.000,2.594,-1.000
544,7l7d_H0-L0,ABB2_ensemble_rank0,0.416,-1.000,0.364,-1.000
545,7l7d_H0-L0,ABB2_ensemble_rank1,0.329,-1.000,0.391,-1.000
546,7l7d_H0-L0,ABB2_ensemble_rank2,0.359,-1.000,0.404,-1.000
547,7l7d_H0-L0,ABB2_ensemble_rank3,0.503,-1.000,0.473,-1.000
548,7l7d_H0-L0,AF2_ensemble_rank0,1.368,-1.000,1.734,-1.000
549,7l7d_H0-L0,AF2_ensemble_rank1,1.396,-1.000,1.715,-1.000
550,7l7d_H0-L0,AF2_ensemble_rank2,1.371,-1.000,1.703,-1.000
551,7l7d_H0-L0,AF2_ensemble_rank3,1.498,-1.000,1.910,-1.000
552,7l7d_H0-L0,AF2_ensemble_rank4,1.709,-1.000,2.079,-1.000
553,7l7d_H0-L0,IG_ensemble_rank0,1.856,-1.000,1.773,-1.000
554,7l7d_H0-L0,IG_ensemble_rank1,1.952,-1.000,2.240,-1.000
555,7l7d_H0-L0,IG_ensemble_rank2,2.094,-1.000,2.400,-1.000
556,7l7d_H0-L0,IG_ensemble_rank3,2.104,-1.000,2.460,-1.000
557,7l7d_H0-L0,clens,0.329,-1.000,0.391,-1.000
558,7l0l_H0-L0,IgFold,2.845,-1.000,2.646,-1.000
559,7l0l_H0-L0,ABodyBuilder2,2.205,0.919,2.153,1.001
560,7l0l_H0-L0,AF2,1.965,84.458,0.489,92.366
561,7l0l_H0-L0,ABlooper,3.237,-1.000,3.030,-1.000
562,7l0l_H0-L0,ABB2_ensemble_rank0,2.205,-1.000,2.153,-1.000
563,7l0l_H0-L0,ABB2_ensemble_rank1,2.104,-1.000,1.840,-1.000
564,7l0l_H0-L0,ABB2_ensemble_rank2,2.682,-1.000,2.507,-1.000
565,7l0l_H0-L0,ABB2_ensemble_rank3,2.383,-1.000,2.694,-1.000
566,7l0l_H0-L0,AF2_ensemble_rank0,1.965,-1.000,0.489,-1.000
567,7l0l_H0-L0,AF2_ensemble_rank1,1.937,-1.000,0.512,-1.000
568,7l0l_H0-L0,AF2_ensemble_rank2,1.964,-1.000,0.507,-1.000
569,7l0l_H0-L0,AF2_ensemble_rank3,1.979,-1.000,0.490,-1.000
570,7l0l_H0-L0,AF2_ensemble_rank4,1.911,-1.000,0.515,-1.000
571,7l0l_H0-L0,IG_ensemble_rank0,2.845,-1.000,2.646,-1.000
572,7l0l_H0-L0,IG_ensemble_rank1,3.180,-1.000,3.376,-1.000
573,7l0l_H0-L0,IG_ensemble_rank2,3.249,-1.000,3.071,-1.000
574,7l0l_H0-L0,IG_ensemble_rank3,3.259,-1.000,3.557,-1.000
575,7l0l_H0-L0,clens,1.965,-1.000,0.489,-1.000
576,7mzj_H0-L0,IgFold,1.773,-1.000,2.208,-1.000
577,7mzj_H0-L0,ABodyBuilder2,1.896,0.937,2.179,1.882
578,7mzj_H0-L0,AF2,2.133,80.493,2.738,80.640
579,7mzj_H0-L0,ABlooper,2.332,-1.000,2.327,-1.000
580,7mzj_H0-L0,ABB2_ensemble_rank0,1.896,-1.000,2.179,-1.000
581,7mzj_H0-L0,ABB2_ensemble_rank1,2.788,-1.000,3.403,-1.000
582,7mzj_H0-L0,ABB2_ensemble_rank2,3.060,-1.000,3.396,-1.000
583,7mzj_H0-L0,ABB2_ensemble_rank3,1.789,-1.000,1.982,-1.000
584,7mzj_H0-L0,AF2_ensemble_rank0,2.133,-1.000,2.738,-1.000
585,7mzj_H0-L0,AF2_ensemble_rank1,2.052,-1.000,2.356,-1.000
586,7mzj_H0-L0,AF2_ensemble_rank2,2.052,-1.000,2.335,-1.000
587,7mzj_H0-L0,AF2_ensemble_rank3,2.336,-1.000,3.030,-1.000
588,7mzj_H0-L0,AF2_ensemble_rank4,1.920,-1.000,2.237,-1.000
589,7mzj_H0-L0,IG_ensemble_rank0,1.773,-1.000,2.208,-1.000
590,7mzj_H0-L0,IG_ensemble_rank1,1.691,-1.000,1.998,-1.000
591,7mzj_H0-L0,IG_ensemble_rank2,1.904,-1.000,2.103,-1.000
592,7mzj_H0-L0,IG_ensemble_rank3,1.327,-1.000,1.683,-1.000
593,7mzj_H0-L0,clens,1.789,-1.000,1.982,-1.000
594,7qu1_A0-B0,IgFold,1.690,-1.000,1.619,-1.000
595,7qu1_A0-B0,ABodyBuilder2,1.849,0.626,1.702,0.628
596,7qu1_A0-B0,AF2,1.284,83.740,1.199,84.935
597,7qu1_A0-B0,ABlooper,1.929,-1.000,1.643,-1.000
598,7qu1_A0-B0,ABB2_ensemble_rank0,1.849,-1.000,1.702,-1.000
599,7qu1_A0-B0,ABB2_ensemble_rank1,1.643,-1.000,1.553,-1.000
600,7qu1_A0-B0,ABB2_ensemble_rank2,1.631,-1.000,1.820,-1.000
601,7qu1_A0-B0,ABB2_ensemble_rank3,1.733,-1.000,1.555,-1.000
602,7qu1_A0-B0,AF2_ensemble_rank0,1.284,-1.000,1.199,-1.000
603,7qu1_A0-B0,AF2_ensemble_rank1,1.345,-1.000,1.215,-1.000
604,7qu1_A0-B0,AF2_ensemble_rank2,1.299,-1.000,1.210,-1.000
605,7qu1_A0-B0,AF2_ensemble_rank3,1.388,-1.000,1.337,-1.000
606,7qu1_A0-B0,AF2_ensemble_rank4,1.216,-1.000,1.157,-1.000
607,7qu1_A0-B0,IG_ensemble_rank0,1.690,-1.000,1.619,-1.000
608,7qu1_A0-B0,IG_ensemble_rank1,1.586,-1.000,1.546,-1.000
609,7qu1_A0-B0,IG_ensemble_rank2,1.906,-1.000,1.814,-1.000
610,7qu1_A0-B0,IG_ensemble_rank3,1.532,-1.000,1.505,-1.000
611,7qu1_A0-B0,clens,1.284,-1.000,1.199,-1.000
612,7e72_A0-B0,IgFold,0.805,-1.000,0.969,-1.000
613,7e72_A0-B0,ABodyBuilder2,1.057,0.455,1.670,0.767
614,7e72_A0-B0,AF2,0.568,95.127,0.398,91.347
615,7e72_A0-B0,ABlooper,1.747,-1.000,1.479,-1.000
616,7e72_A0-B0,ABB2_ensemble_rank0,1.057,-1.000,1.670,-1.000
617,7e72_A0-B0,ABB2_ensemble_rank1,1.198,-1.000,2.038,-1.000
618,7e72_A0-B0,ABB2_ensemble_rank2,1.853,-1.000,2.801,-1.000
619,7e72_A0-B0,ABB2_ensemble_rank3,0.876,-1.000,1.016,-1.000
620,7e72_A0-B0,AF2_ensemble_rank0,0.568,-1.000,0.398,-1.000
621,7e72_A0-B0,AF2_ensemble_rank1,0.601,-1.000,0.438,-1.000
622,7e72_A0-B0,AF2_ensemble_rank2,0.585,-1.000,0.418,-1.000
623,7e72_A0-B0,AF2_ensemble_rank3,0.599,-1.000,0.424,-1.000
624,7e72_A0-B0,AF2_ensemble_rank4,0.575,-1.000,0.418,-1.000
625,7e72_A0-B0,IG_ensemble_rank0,0.805,-1.000,0.969,-1.000
626,7e72_A0-B0,IG_ensemble_rank1,0.861,-1.000,1.136,-1.000
627,7e72_A0-B0,IG_ensemble_rank2,1.237,-1.000,1.982,-1.000
628,7e72_A0-B0,IG_ensemble_rank3,0.834,-1.000,1.066,-1.000
629,7e72_A0-B0,clens,0.585,-1.000,0.418,-1.000
630,7daa_H0-L0,IgFold,1.724,-1.000,1.361,-1.000
631,7daa_H0-L0,ABodyBuilder2,1.314,0.648,2.059,0.830
632,7daa_H0-L0,AF2,0.449,90.144,0.269,90.162
633,7daa_H0-L0,ABlooper,2.102,-1.000,1.782,-1.000
634,7daa_H0-L0,ABB2_ensemble_rank0,1.314,-1.000,2.059,-1.000
635,7daa_H0-L0,ABB2_ensemble_rank1,1.438,-1.000,2.363,-1.000
636,7daa_H0-L0,ABB2_ensemble_rank2,1.566,-1.000,0.953,-1.000
637,7daa_H0-L0,ABB2_ensemble_rank3,1.320,-1.000,2.738,-1.000
638,7daa_H0-L0,AF2_ensemble_rank0,0.449,-1.000,0.269,-1.000
639,7daa_H0-L0,AF2_ensemble_rank1,1.285,-1.000,0.272,-1.000
640,7daa_H0-L0,AF2_ensemble_rank2,1.311,-1.000,0.281,-1.000
641,7daa_H0-L0,AF2_ensemble_rank3,1.112,-1.000,0.283,-1.000
642,7daa_H0-L0,AF2_ensemble_rank4,1.363,-1.000,0.280,-1.000
643,7daa_H0-L0,IG_ensemble_rank0,1.724,-1.000,1.361,-1.000
644,7daa_H0-L0,IG_ensemble_rank1,1.992,-1.000,2.126,-1.000
645,7daa_H0-L0,IG_ensemble_rank2,1.817,-1.000,2.080,-1.000
646,7daa_H0-L0,IG_ensemble_rank3,1.718,-1.000,2.412,-1.000
647,7daa_H0-L0,clens,1.285,-1.000,0.272,-1.000
648,7np1_H0-L0,IgFold,2.971,-1.000,4.426,-1.000
649,7np1_H0-L0,ABodyBuilder2,3.620,0.833,5.648,1.419
650,7np1_H0-L0,AF2,2.837,85.148,4.293,79.852
651,7np1_H0-L0,ABlooper,3.330,-1.000,4.882,-1.000
652,7np1_H0-L0,ABB2_ensemble_rank0,3.620,-1.000,5.648,-1.000
653,7np1_H0-L0,ABB2_ensemble_rank1,3.296,-1.000,5.275,-1.000
654,7np1_H0-L0,ABB2_ensemble_rank2,3.163,-1.000,4.751,-1.000
655,7np1_H0-L0,ABB2_ensemble_rank3,2.981,-1.000,4.928,-1.000
656,7np1_H0-L0,AF2_ensemble_rank0,2.837,-1.000,4.293,-1.000
657,7np1_H0-L0,AF2_ensemble_rank1,2.819,-1.000,4.280,-1.000
658,7np1_H0-L0,AF2_ensemble_rank2,2.862,-1.000,4.317,-1.000
659,7np1_H0-L0,AF2_ensemble_rank3,2.852,-1.000,4.313,-1.000
660,7np1_H0-L0,AF2_ensemble_rank4,2.859,-1.000,4.315,-1.000
661,7np1_H0-L0,IG_ensemble_rank0,2.971,-1.000,4.426,-1.000
662,7np1_H0-L0,IG_ensemble_rank1,2.931,-1.000,4.506,-1.000
663,7np1_H0-L0,IG_ensemble_rank2,3.279,-1.000,4.766,-1.000
664,7np1_H0-L0,IG_ensemble_rank3,3.082,-1.000,4.571,-1.000
665,7np1_H0-L0,clens,2.837,-1.000,4.293,-1.000
666,7n4j_H0-L0,IgFold,4.338,-1.000,5.278,-1.000
667,7n4j_H0-L0,ABodyBuilder2,3.294,0.768,4.642,1.750
668,7n4j_H0-L0,AF2,1.798,84.092,2.015,83.766
669,7n4j_H0-L0,ABlooper,3.180,-1.000,3.745,-1.000
670,7n4j_H0-L0,ABB2_ensemble_rank0,3.294,-1.000,4.642,-1.000
671,7n4j_H0-L0,ABB2_ensemble_rank1,3.331,-1.000,4.360,-1.000
672,7n4j_H0-L0,ABB2_ensemble_rank2,4.279,-1.000,5.716,-1.000
673,7n4j_H0-L0,ABB2_ensemble_rank3,3.190,-1.000,4.345,-1.000
674,7n4j_H0-L0,AF2_ensemble_rank0,1.798,-1.000,2.015,-1.000
675,7n4j_H0-L0,AF2_ensemble_rank1,2.279,-1.000,2.066,-1.000
676,7n4j_H0-L0,AF2_ensemble_rank2,3.937,-1.000,4.930,-1.000
677,7n4j_H0-L0,AF2_ensemble_rank3,2.353,-1.000,2.384,-1.000
678,7n4j_H0-L0,AF2_ensemble_rank4,2.255,-1.000,2.053,-1.000
679,7n4j_H0-L0,IG_ensemble_rank0,4.338,-1.000,5.278,-1.000
680,7n4j_H0-L0,IG_ensemble_rank1,4.314,-1.000,5.176,-1.000
681,7n4j_H0-L0,IG_ensemble_rank2,2.891,-1.000,3.514,-1.000
682,7n4j_H0-L0,IG_ensemble_rank3,3.511,-1.000,4.303,-1.000
683,7n4j_H0-L0,clens,2.255,-1.000,2.053,-1.000
684,7dk2_A0-B0,IgFold,3.667,-1.000,6.305,-1.000
685,7dk2_A0-B0,ABodyBuilder2,3.591,0.496,6.360,0.896
686,7dk2_A0-B0,AF2,3.143,87.962,5.886,76.929
687,7dk2_A0-B0,ABlooper,3.691,-1.000,6.441,-1.000
688,7dk2_A0-B0,ABB2_ensemble_rank0,3.591,-1.000,6.360,-1.000
689,7dk2_A0-B0,ABB2_ensemble_rank1,3.467,-1.000,6.130,-1.000
690,7dk2_A0-B0,ABB2_ensemble_rank2,3.770,-1.000,6.160,-1.000
691,7dk2_A0-B0,ABB2_ensemble_rank3,3.566,-1.000,6.359,-1.000
692,7dk2_A0-B0,AF2_ensemble_rank0,3.143,-1.000,5.886,-1.000
693,7dk2_A0-B0,AF2_ensemble_rank1,3.156,-1.000,5.883,-1.000
694,7dk2_A0-B0,AF2_ensemble_rank2,3.157,-1.000,5.888,-1.000
695,7dk2_A0-B0,AF2_ensemble_rank3,3.178,-1.000,5.885,-1.000
696,7dk2_A0-B0,AF2_ensemble_rank4,3.162,-1.000,5.902,-1.000
697,7dk2_A0-B0,IG_ensemble_rank0,3.667,-1.000,6.305,-1.000
698,7dk2_A0-B0,IG_ensemble_rank1,3.512,-1.000,6.294,-1.000
699,7dk2_A0-B0,IG_ensemble_rank2,3.572,-1.000,6.326,-1.000
700,7dk2_A0-B0,IG_ensemble_rank3,3.532,-1.000,6.269,-1.000
701,7dk2_A0-B0,clens,3.157,-1.000,5.888,-1.000
702,7pr0_H0-L0,IgFold,2.357,-1.000,6.411,-1.000
703,7pr0_H0-L0,ABodyBuilder2,2.403,1.889,6.858,3.685
704,7pr0_H0-L0,AF2,3.587,79.590,7.707,67.345
705,7pr0_H0-L0,ABlooper,3.622,-1.000,6.732,-1.000
706,7pr0_H0-L0,ABB2_ensemble_rank0,2.403,-1.000,6.858,-1.000
707,7pr0_H0-L0,ABB2_ensemble_rank1,2.661,-1.000,6.216,-1.000
708,7pr0_H0-L0,ABB2_ensemble_rank2,3.111,-1.000,7.979,-1.000
709,7pr0_H0-L0,ABB2_ensemble_rank3,1.840,-1.000,3.467,-1.000
710,7pr0_H0-L0,AF2_ensemble_rank0,3.587,-1.000,7.707,-1.000
711,7pr0_H0-L0,AF2_ensemble_rank1,3.595,-1.000,7.763,-1.000
712,7pr0_H0-L0,AF2_ensemble_rank2,3.573,-1.000,7.707,-1.000
713,7pr0_H0-L0,AF2_ensemble_rank3,3.547,-1.000,7.661,-1.000
714,7pr0_H0-L0,AF2_ensemble_rank4,3.573,-1.000,7.712,-1.000
715,7pr0_H0-L0,IG_ensemble_rank0,2.357,-1.000,6.411,-1.000
716,7pr0_H0-L0,IG_ensemble_rank1,2.713,-1.000,7.049,-1.000
717,7pr0_H0-L0,IG_ensemble_rank2,2.255,-1.000,6.271,-1.000
718,7pr0_H0-L0,IG_ensemble_rank3,2.090,-1.000,5.655,-1.000
719,7pr0_H0-L0,clens,1.840,-1.000,3.467,-1.000
720,7s13_H0-L0,IgFold,1.266,-1.000,1.873,-1.000
721,7s13_H0-L0,ABodyBuilder2,1.220,0.610,1.707,0.519
722,7s13_H0-L0,AF2,0.672,92.305,0.836,89.376
723,7s13_H0-L0,ABlooper,1.685,-1.000,2.084,-1.000
724,7s13_H0-L0,ABB2_ensemble_rank0,1.220,-1.000,1.707,-1.000
725,7s13_H0-L0,ABB2_ensemble_rank1,1.334,-1.000,1.609,-1.000
726,7s13_H0-L0,ABB2_ensemble_rank2,1.140,-1.000,1.511,-1.000
727,7s13_H0-L0,ABB2_ensemble_rank3,1.141,-1.000,1.627,-1.000
728,7s13_H0-L0,AF2_ensemble_rank0,0.672,-1.000,0.836,-1.000
729,7s13_H0-L0,AF2_ensemble_rank1,0.782,-1.000,1.115,-1.000
730,7s13_H0-L0,AF2_ensemble_rank2,0.772,-1.000,0.828,-1.000
731,7s13_H0-L0,AF2_ensemble_rank3,0.780,-1.000,1.095,-1.000
732,7s13_H0-L0,AF2_ensemble_rank4,0.776,-1.000,1.100,-1.000
733,7s13_H0-L0,IG_ensemble_rank0,1.266,-1.000,1.873,-1.000
734,7s13_H0-L0,IG_ensemble_rank1,1.322,-1.000,1.930,-1.000
735,7s13_H0-L0,IG_ensemble_rank2,1.110,-1.000,1.607,-1.000
736,7s13_H0-L0,IG_ensemble_rank3,1.318,-1.000,1.769,-1.000
737,7s13_H0-L0,clens,0.776,-1.000,1.100,-1.000
738,7l7r_D0-C0,IgFold,1.704,-1.000,1.724,-1.000
739,7l7r_D0-C0,ABodyBuilder2,2.072,0.890,2.103,1.132
740,7l7r_D0-C0,AF2,0.494,81.491,0.415,84.387
741,7l7r_D0-C0,ABlooper,2.510,-1.000,2.377,-1.000
742,7l7r_D0-C0,ABB2_ensemble_rank0,2.072,-1.000,2.103,-1.000
743,7l7r_D0-C0,ABB2_ensemble_rank1,1.596,-1.000,1.621,-1.000
744,7l7r_D0-C0,ABB2_ensemble_rank2,1.189,-1.000,1.365,-1.000
745,7l7r_D0-C0,ABB2_ensemble_rank3,2.682,-1.000,2.718,-1.000
746,7l7r_D0-C0,AF2_ensemble_rank0,0.494,-1.000,0.415,-1.000
747,7l7r_D0-C0,AF2_ensemble_rank1,0.672,-1.000,0.644,-1.000
748,7l7r_D0-C0,AF2_ensemble_rank2,0.447,-1.000,0.430,-1.000
749,7l7r_D0-C0,AF2_ensemble_rank3,0.540,-1.000,0.479,-1.000
750,7l7r_D0-C0,AF2_ensemble_rank4,0.957,-1.000,0.919,-1.000
751,7l7r_D0-C0,IG_ensemble_rank0,1.704,-1.000,1.724,-1.000
752,7l7r_D0-C0,IG_ensemble_rank1,1.461,-1.000,1.472,-1.000
753,7l7r_D0-C0,IG_ensemble_rank2,1.304,-1.000,1.306,-1.000
754,7l7r_D0-C0,IG_ensemble_rank3,1.638,-1.000,1.643,-1.000
755,7l7r_D0-C0,clens,0.494,-1.000,0.415,-1.000
756,7f7e_C0-L0,IgFold,2.104,-1.000,3.036,-1.000
757,7f7e_C0-L0,ABodyBuilder2,3.047,1.459,4.731,1.794
758,7f7e_C0-L0,AF2,2.638,71.431,3.289,75.137
759,7f7e_C0-L0,ABlooper,3.371,-1.000,4.753,-1.000
760,7f7e_C0-L0,ABB2_ensemble_rank0,3.047,-1.000,4.731,-1.000
761,7f7e_C0-L0,ABB2_ensemble_rank1,2.815,-1.000,4.232,-1.000
762,7f7e_C0-L0,ABB2_ensemble_rank2,2.509,-1.000,3.964,-1.000
763,7f7e_C0-L0,ABB2_ensemble_rank3,3.407,-1.000,5.745,-1.000
764,7f7e_C0-L0,AF2_ensemble_rank0,2.638,-1.000,3.289,-1.000
765,7f7e_C0-L0,AF2_ensemble_rank1,3.123,-1.000,3.846,-1.000
766,7f7e_C0-L0,AF2_ensemble_rank2,3.105,-1.000,3.878,-1.000
767,7f7e_C0-L0,AF2_ensemble_rank3,1.762,-1.000,1.485,-1.000
768,7f7e_C0-L0,AF2_ensemble_rank4,1.706,-1.000,1.436,-1.000
769,7f7e_C0-L0,IG_ensemble_rank0,2.104,-1.000,3.036,-1.000
770,7f7e_C0-L0,IG_ensemble_rank1,2.297,-1.000,3.646,-1.000
771,7f7e_C0-L0,IG_ensemble_rank2,2.217,-1.000,3.507,-1.000
772,7f7e_C0-L0,IG_ensemble_rank3,2.291,-1.000,2.979,-1.000
773,7f7e_C0-L0,clens,1.762,-1.000,1.485,-1.000
774,7rk1_C0-C1,IgFold,1.169,-1.000,2.326,-1.000
775,7rk1_C0-C1,ABodyBuilder2,0.740,0.329,0.617,0.862
776,7rk1_C0-C1,AF2,0.931,96.199,0.555,96.678
777,7rk1_C0-C1,ABlooper,1.317,-1.000,1.612,-1.000
778,7rk1_C0-C1,ABB2_ensemble_rank0,0.740,-1.000,0.617,-1.000
779,7rk1_C0-C1,ABB2_ensemble_rank1,0.578,-1.000,0.350,-1.000
780,7rk1_C0-C1,ABB2_ensemble_rank2,0.692,-1.000,0.662,-1.000
781,7rk1_C0-C1,ABB2_ensemble_rank3,0.778,-1.000,2.379,-1.000
782,7rk1_C0-C1,AF2_ensemble_rank0,0.931,-1.000,0.555,-1.000
783,7rk1_C0-C1,AF2_ensemble_rank1,0.929,-1.000,0.561,-1.000
784,7rk1_C0-C1,AF2_ensemble_rank2,0.930,-1.000,0.559,-1.000
785,7rk1_C0-C1,AF2_ensemble_rank3,0.931,-1.000,0.560,-1.000
786,7rk1_C0-C1,AF2_ensemble_rank4,0.937,-1.000,0.560,-1.000
787,7rk1_C0-C1,IG_ensemble_rank0,1.169,-1.000,2.326,-1.000
788,7rk1_C0-C1,IG_ensemble_rank1,1.021,-1.000,1.786,-1.000
789,7rk1_C0-C1,IG_ensemble_rank2,1.167,-1.000,0.871,-1.000
790,7rk1_C0-C1,IG_ensemble_rank3,1.036,-1.000,1.338,-1.000
791,7rk1_C0-C1,clens,0.778,-1.000,0.559,-1.000
792,7s11_H0-L0,IgFold,2.972,-1.000,4.032,-1.000
793,7s11_H0-L0,ABodyBuilder2,2.766,0.614,3.771,0.831
794,7s11_H0-L0,AF2,1.935,81.648,3.203,72.121
795,7s11_H0-L0,ABlooper,2.869,-1.000,3.630,-1.000
796,7s11_H0-L0,ABB2_ensemble_rank0,2.766,-1.000,3.771,-1.000
797,7s11_H0-L0,ABB2_ensemble_rank1,2.448,-1.000,3.353,-1.000
798,7s11_H0-L0,ABB2_ensemble_rank2,2.337,-1.000,3.522,-1.000
799,7s11_H0-L0,ABB2_ensemble_rank3,2.900,-1.000,4.234,-1.000
800,7s11_H0-L0,AF2_ensemble_rank0,1.935,-1.000,3.203,-1.000
801,7s11_H0-L0,AF2_ensemble_rank1,1.992,-1.000,3.339,-1.000
802,7s11_H0-L0,AF2_ensemble_rank2,1.937,-1.000,3.198,-1.000
803,7s11_H0-L0,AF2_ensemble_rank3,2.433,-1.000,4.052,-1.000
804,7s11_H0-L0,AF2_ensemble_rank4,2.002,-1.000,3.004,-1.000
805,7s11_H0-L0,IG_ensemble_rank0,2.972,-1.000,4.032,-1.000
806,7s11_H0-L0,IG_ensemble_rank1,2.498,-1.000,3.526,-1.000
807,7s11_H0-L0,IG_ensemble_rank2,2.789,-1.000,3.836,-1.000
808,7s11_H0-L0,IG_ensemble_rank3,2.452,-1.000,3.511,-1.000
809,7s11_H0-L0,clens,1.935,-1.000,3.203,-1.000
810,7bnv_H0-L0,IgFold,4.523,-1.000,5.597,-1.000
811,7bnv_H0-L0,ABodyBuilder2,3.754,1.698,4.279,2.739
812,7bnv_H0-L0,AF2,3.781,72.020,4.235,74.270
813,7bnv_H0-L0,ABlooper,4.924,-1.000,5.384,-1.000
814,7bnv_H0-L0,ABB2_ensemble_rank0,3.754,-1.000,4.279,-1.000
815,7bnv_H0-L0,ABB2_ensemble_rank1,3.861,-1.000,4.005,-1.000
816,7bnv_H0-L0,ABB2_ensemble_rank2,4.248,-1.000,4.293,-1.000
817,7bnv_H0-L0,ABB2_ensemble_rank3,6.337,-1.000,7.419,-1.000
818,7bnv_H0-L0,AF2_ensemble_rank0,3.781,-1.000,4.235,-1.000
819,7bnv_H0-L0,AF2_ensemble_rank1,3.496,-1.000,3.872,-1.000
820,7bnv_H0-L0,AF2_ensemble_rank2,4.112,-1.000,4.586,-1.000
821,7bnv_H0-L0,AF2_ensemble_rank3,3.546,-1.000,3.985,-1.000
822,7bnv_H0-L0,AF2_ensemble_rank4,4.140,-1.000,4.641,-1.000
823,7bnv_H0-L0,IG_ensemble_rank0,4.523,-1.000,5.597,-1.000
824,7bnv_H0-L0,IG_ensemble_rank1,4.663,-1.000,5.535,-1.000
825,7bnv_H0-L0,IG_ensemble_rank2,4.249,-1.000,5.026,-1.000
826,7bnv_H0-L0,IG_ensemble_rank3,4.170,-1.000,5.018,-1.000
827,7bnv_H0-L0,clens,3.861,-1.000,4.005,-1.000
828,7mzf_H0-L0,IgFold,1.199,-1.000,1.104,-1.000
829,7mzf_H0-L0,ABodyBuilder2,1.074,0.380,0.777,0.395
830,7mzf_H0-L0,AF2,0.823,91.057,0.429,92.322
831,7mzf_H0-L0,ABlooper,1.946,-1.000,1.692,-1.000
832,7mzf_H0-L0,ABB2_ensemble_rank0,1.074,-1.000,0.777,-1.000
833,7mzf_H0-L0,ABB2_ensemble_rank1,0.970,-1.000,0.811,-1.000
834,7mzf_H0-L0,ABB2_ensemble_rank2,0.992,-1.000,0.887,-1.000
835,7mzf_H0-L0,ABB2_ensemble_rank3,1.144,-1.000,1.067,-1.000
836,7mzf_H0-L0,AF2_ensemble_rank0,0.823,-1.000,0.429,-1.000
837,7mzf_H0-L0,AF2_ensemble_rank1,0.819,-1.000,0.401,-1.000
838,7mzf_H0-L0,AF2_ensemble_rank2,0.833,-1.000,0.418,-1.000
839,7mzf_H0-L0,AF2_ensemble_rank3,0.813,-1.000,0.394,-1.000
840,7mzf_H0-L0,AF2_ensemble_rank4,0.913,-1.000,0.686,-1.000
841,7mzf_H0-L0,IG_ensemble_rank0,1.199,-1.000,1.104,-1.000
842,7mzf_H0-L0,IG_ensemble_rank1,1.163,-1.000,1.061,-1.000
843,7mzf_H0-L0,IG_ensemble_rank2,1.277,-1.000,1.190,-1.000
844,7mzf_H0-L0,IG_ensemble_rank3,1.233,-1.000,1.008,-1.000
845,7mzf_H0-L0,clens,0.833,-1.000,0.418,-1.000
846,7kn4_H0-L0,IgFold,1.333,-1.000,1.805,-1.000
847,7kn4_H0-L0,ABodyBuilder2,1.505,0.506,1.990,0.589
848,7kn4_H0-L0,AF2,1.882,93.149,2.530,91.954
849,7kn4_H0-L0,ABlooper,1.979,-1.000,1.876,-1.000
850,7kn4_H0-L0,ABB2_ensemble_rank0,1.505,-1.000,1.990,-1.000
851,7kn4_H0-L0,ABB2_ensemble_rank1,1.102,-1.000,1.599,-1.000
852,7kn4_H0-L0,ABB2_ensemble_rank2,1.202,-1.000,1.630,-1.000
853,7kn4_H0-L0,ABB2_ensemble_rank3,1.798,-1.000,2.396,-1.000
854,7kn4_H0-L0,AF2_ensemble_rank0,1.882,-1.000,2.530,-1.000
855,7kn4_H0-L0,AF2_ensemble_rank1,1.902,-1.000,2.563,-1.000
856,7kn4_H0-L0,AF2_ensemble_rank2,1.912,-1.000,2.579,-1.000
857,7kn4_H0-L0,AF2_ensemble_rank3,1.895,-1.000,2.553,-1.000
858,7kn4_H0-L0,AF2_ensemble_rank4,1.884,-1.000,2.553,-1.000
859,7kn4_H0-L0,IG_ensemble_rank0,1.333,-1.000,1.805,-1.000
860,7kn4_H0-L0,IG_ensemble_rank1,1.397,-1.000,1.838,-1.000
861,7kn4_H0-L0,IG_ensemble_rank2,1.559,-1.000,2.021,-1.000
862,7kn4_H0-L0,IG_ensemble_rank3,1.497,-1.000,1.887,-1.000
863,7kn4_H0-L0,clens,1.333,-1.000,1.805,-1.000
864,7r89_C0-D0,IgFold,1.911,-1.000,2.351,-1.000
865,7r89_C0-D0,ABodyBuilder2,1.570,0.510,2.203,0.478
866,7r89_C0-D0,AF2,1.735,95.157,2.220,94.087
867,7r89_C0-D0,ABlooper,2.057,-1.000,2.299,-1.000
868,7r89_C0-D0,ABB2_ensemble_rank0,1.570,-1.000,2.203,-1.000
869,7r89_C0-D0,ABB2_ensemble_rank1,1.814,-1.000,2.351,-1.000
870,7r89_C0-D0,ABB2_ensemble_rank2,1.478,-1.000,2.146,-1.000
871,7r89_C0-D0,ABB2_ensemble_rank3,2.123,-1.000,2.363,-1.000
872,7r89_C0-D0,AF2_ensemble_rank0,1.735,-1.000,2.220,-1.000
873,7r89_C0-D0,AF2_ensemble_rank1,1.760,-1.000,2.227,-1.000
874,7r89_C0-D0,AF2_ensemble_rank2,1.757,-1.000,2.231,-1.000
875,7r89_C0-D0,AF2_ensemble_rank3,1.731,-1.000,2.239,-1.000
876,7r89_C0-D0,AF2_ensemble_rank4,1.768,-1.000,2.238,-1.000
877,7r89_C0-D0,IG_ensemble_rank0,1.911,-1.000,2.351,-1.000
878,7r89_C0-D0,IG_ensemble_rank1,1.707,-1.000,2.363,-1.000
879,7r89_C0-D0,IG_ensemble_rank2,1.789,-1.000,2.220,-1.000
880,7r89_C0-D0,IG_ensemble_rank3,1.978,-1.000,2.451,-1.000
881,7r89_C0-D0,clens,1.570,-1.000,2.203,-1.000
882,7kf1_H0-L0,IgFold,2.006,-1.000,2.239,-1.000
883,7kf1_H0-L0,ABodyBuilder2,1.620,0.996,1.237,1.513
884,7kf1_H0-L0,AF2,4.494,86.889,2.129,90.616
885,7kf1_H0-L0,ABlooper,2.461,-1.000,3.219,-1.000
886,7kf1_H0-L0,ABB2_ensemble_rank0,1.620,-1.000,1.237,-1.000
887,7kf1_H0-L0,ABB2_ensemble_rank1,2.611,-1.000,2.337,-1.000
888,7kf1_H0-L0,ABB2_ensemble_rank2,2.107,-1.000,2.225,-1.000
889,7kf1_H0-L0,ABB2_ensemble_rank3,2.787,-1.000,2.858,-1.000
890,7kf1_H0-L0,AF2_ensemble_rank0,4.494,-1.000,2.129,-1.000
891,7kf1_H0-L0,AF2_ensemble_rank1,4.478,-1.000,2.113,-1.000
892,7kf1_H0-L0,AF2_ensemble_rank2,4.499,-1.000,2.101,-1.000
893,7kf1_H0-L0,AF2_ensemble_rank3,4.462,-1.000,2.164,-1.000
894,7kf1_H0-L0,AF2_ensemble_rank4,4.465,-1.000,2.142,-1.000
895,7kf1_H0-L0,IG_ensemble_rank0,2.006,-1.000,2.239,-1.000
896,7kf1_H0-L0,IG_ensemble_rank1,2.017,-1.000,2.215,-1.000
897,7kf1_H0-L0,IG_ensemble_rank2,1.865,-1.000,2.369,-1.000
898,7kf1_H0-L0,IG_ensemble_rank3,2.239,-1.000,2.495,-1.000
899,7kf1_H0-L0,clens,2.006,-1.000,2.113,-1.000
900,7e3o_H0-L0,IgFold,2.841,-1.000,3.280,-1.000
901,7e3o_H0-L0,ABodyBuilder2,1.945,0.703,2.015,1.436
902,7e3o_H0-L0,AF2,3.328,83.704,3.842,77.555
903,7e3o_H0-L0,ABlooper,2.287,-1.000,2.206,-1.000
904,7e3o_H0-L0,ABB2_ensemble_rank0,1.945,-1.000,2.015,-1.000
905,7e3o_H0-L0,ABB2_ensemble_rank1,2.086,-1.000,2.124,-1.000
906,7e3o_H0-L0,ABB2_ensemble_rank2,2.269,-1.000,2.206,-1.000
907,7e3o_H0-L0,ABB2_ensemble_rank3,2.813,-1.000,3.084,-1.000
908,7e3o_H0-L0,AF2_ensemble_rank0,3.328,-1.000,3.842,-1.000
909,7e3o_H0-L0,AF2_ensemble_rank1,2.570,-1.000,2.971,-1.000
910,7e3o_H0-L0,AF2_ensemble_rank2,2.328,-1.000,2.464,-1.000
911,7e3o_H0-L0,AF2_ensemble_rank3,2.680,-1.000,3.048,-1.000
912,7e3o_H0-L0,AF2_ensemble_rank4,3.143,-1.000,3.610,-1.000
913,7e3o_H0-L0,IG_ensemble_rank0,2.841,-1.000,3.280,-1.000
914,7e3o_H0-L0,IG_ensemble_rank1,2.712,-1.000,2.893,-1.000
915,7e3o_H0-L0,IG_ensemble_rank2,2.850,-1.000,2.958,-1.000
916,7e3o_H0-L0,IG_ensemble_rank3,2.775,-1.000,3.039,-1.000
917,7e3o_H0-L0,clens,2.086,-1.000,2.124,-1.000
918,7lf7_A0-B0,IgFold,2.126,-1.000,2.132,-1.000
919,7lf7_A0-B0,ABodyBuilder2,0.545,0.428,0.408,0.389
920,7lf7_A0-B0,AF2,2.083,90.882,2.011,91.142
921,7lf7_A0-B0,ABlooper,2.974,-1.000,2.838,-1.000
922,7lf7_A0-B0,ABB2_ensemble_rank0,0.545,-1.000,0.408,-1.000
923,7lf7_A0-B0,ABB2_ensemble_rank1,0.336,-1.000,0.312,-1.000
924,7lf7_A0-B0,ABB2_ensemble_rank2,0.302,-1.000,0.328,-1.000
925,7lf7_A0-B0,ABB2_ensemble_rank3,0.835,-1.000,0.733,-1.000
926,7lf7_A0-B0,AF2_ensemble_rank0,2.083,-1.000,2.011,-1.000
927,7lf7_A0-B0,AF2_ensemble_rank1,2.050,-1.000,1.984,-1.000
928,7lf7_A0-B0,AF2_ensemble_rank2,2.060,-1.000,1.993,-1.000
929,7lf7_A0-B0,AF2_ensemble_rank3,2.080,-1.000,2.013,-1.000
930,7lf7_A0-B0,AF2_ensemble_rank4,1.502,-1.000,1.657,-1.000
931,7lf7_A0-B0,IG_ensemble_rank0,2.126,-1.000,2.132,-1.000
932,7lf7_A0-B0,IG_ensemble_rank1,1.865,-1.000,1.837,-1.000
933,7lf7_A0-B0,IG_ensemble_rank2,2.286,-1.000,2.226,-1.000
934,7lf7_A0-B0,IG_ensemble_rank3,1.995,-1.000,2.022,-1.000
935,7lf7_A0-B0,clens,0.336,-1.000,0.312,-1.000
936,7mdj_A0-B0,IgFold,1.299,-1.000,1.040,-1.000
937,7mdj_A0-B0,ABodyBuilder2,1.290,0.640,1.141,0.527
938,7mdj_A0-B0,AF2,1.069,91.796,0.700,93.135
939,7mdj_A0-B0,ABlooper,1.579,-1.000,1.477,-1.000
940,7mdj_A0-B0,ABB2_ensemble_rank0,1.290,-1.000,1.141,-1.000
941,7mdj_A0-B0,ABB2_ensemble_rank1,1.310,-1.000,1.053,-1.000
942,7mdj_A0-B0,ABB2_ensemble_rank2,1.256,-1.000,1.170,-1.000
943,7mdj_A0-B0,ABB2_ensemble_rank3,1.177,-1.000,1.146,-1.000
944,7mdj_A0-B0,AF2_ensemble_rank0,1.069,-1.000,0.700,-1.000
945,7mdj_A0-B0,AF2_ensemble_rank1,1.272,-1.000,1.093,-1.000
946,7mdj_A0-B0,AF2_ensemble_rank2,1.387,-1.000,1.279,-1.000
947,7mdj_A0-B0,AF2_ensemble_rank3,1.346,-1.000,1.225,-1.000
948,7mdj_A0-B0,AF2_ensemble_rank4,1.335,-1.000,1.221,-1.000
949,7mdj_A0-B0,IG_ensemble_rank0,1.299,-1.000,1.040,-1.000
950,7mdj_A0-B0,IG_ensemble_rank1,1.302,-1.000,1.019,-1.000
951,7mdj_A0-B0,IG_ensemble_rank2,1.286,-1.000,1.037,-1.000
952,7mdj_A0-B0,IG_ensemble_rank3,1.243,-1.000,0.984,-1.000
953,7mdj_A0-B0,clens,1.177,-1.000,1.040,-1.000
954,7shu_E0-F0,IgFold,2.002,-1.000,1.929,-1.000
955,7shu_E0-F0,ABodyBuilder2,1.645,0.489,1.749,0.424
956,7shu_E0-F0,AF2,1.509,86.997,1.516,89.712
957,7shu_E0-F0,ABlooper,2.136,-1.000,2.034,-1.000
958,7shu_E0-F0,ABB2_ensemble_rank0,1.645,-1.000,1.749,-1.000
959,7shu_E0-F0,ABB2_ensemble_rank1,1.663,-1.000,1.801,-1.000
960,7shu_E0-F0,ABB2_ensemble_rank2,1.647,-1.000,1.794,-1.000
961,7shu_E0-F0,ABB2_ensemble_rank3,1.579,-1.000,1.604,-1.000
962,7shu_E0-F0,AF2_ensemble_rank0,1.509,-1.000,1.516,-1.000
963,7shu_E0-F0,AF2_ensemble_rank1,1.648,-1.000,1.720,-1.000
964,7shu_E0-F0,AF2_ensemble_rank2,1.660,-1.000,1.792,-1.000
965,7shu_E0-F0,AF2_ensemble_rank3,1.256,-1.000,1.151,-1.000
966,7shu_E0-F0,AF2_ensemble_rank4,1.457,-1.000,1.433,-1.000
967,7shu_E0-F0,IG_ensemble_rank0,2.002,-1.000,1.929,-1.000
968,7shu_E0-F0,IG_ensemble_rank1,2.018,-1.000,1.856,-1.000
969,7shu_E0-F0,IG_ensemble_rank2,1.875,-1.000,1.864,-1.000
970,7shu_E0-F0,IG_ensemble_rank3,1.739,-1.000,1.553,-1.000
971,7shu_E0-F0,clens,1.509,-1.000,1.516,-1.000
972,7kez_H0-L0,IgFold,2.342,-1.000,2.313,-1.000
973,7kez_H0-L0,ABodyBuilder2,2.633,1.077,3.033,1.306
974,7kez_H0-L0,AF2,2.895,75.016,2.233,77.490
975,7kez_H0-L0,ABlooper,2.280,-1.000,2.822,-1.000
976,7kez_H0-L0,ABB2_ensemble_rank0,2.633,-1.000,3.033,-1.000
977,7kez_H0-L0,ABB2_ensemble_rank1,2.985,-1.000,2.835,-1.000
978,7kez_H0-L0,ABB2_ensemble_rank2,2.780,-1.000,2.914,-1.000
979,7kez_H0-L0,ABB2_ensemble_rank3,2.957,-1.000,3.470,-1.000
980,7kez_H0-L0,AF2_ensemble_rank0,2.895,-1.000,2.233,-1.000
981,7kez_H0-L0,AF2_ensemble_rank1,2.850,-1.000,2.259,-1.000
982,7kez_H0-L0,AF2_ensemble_rank2,2.804,-1.000,2.117,-1.000
983,7kez_H0-L0,AF2_ensemble_rank3,2.843,-1.000,2.145,-1.000
984,7kez_H0-L0,AF2_ensemble_rank4,2.984,-1.000,2.739,-1.000
985,7kez_H0-L0,IG_ensemble_rank0,2.342,-1.000,2.313,-1.000
986,7kez_H0-L0,IG_ensemble_rank1,2.253,-1.000,2.439,-1.000
987,7kez_H0-L0,IG_ensemble_rank2,2.176,-1.000,2.192,-1.000
988,7kez_H0-L0,IG_ensemble_rank3,2.314,-1.000,2.299,-1.000
989,7kez_H0-L0,clens,2.280,-1.000,2.233,-1.000
990,7lfa_B0-D0,IgFold,1.130,-1.000,1.019,-1.000
991,7lfa_B0-D0,ABodyBuilder2,0.565,0.488,0.443,0.346
992,7lfa_B0-D0,AF2,1.180,91.977,1.466,90.157
993,7lfa_B0-D0,ABlooper,1.384,-1.000,1.477,-1.000
994,7lfa_B0-D0,ABB2_ensemble_rank0,0.565,-1.000,0.443,-1.000
995,7lfa_B0-D0,ABB2_ensemble_rank1,0.512,-1.000,0.512,-1.000
996,7lfa_B0-D0,ABB2_ensemble_rank2,0.640,-1.000,0.566,-1.000
997,7lfa_B0-D0,ABB2_ensemble_rank3,0.926,-1.000,0.516,-1.000
998,7lfa_B0-D0,AF2_ensemble_rank0,1.180,-1.000,1.466,-1.000
999,7lfa_B0-D0,AF2_ensemble_rank1,1.156,-1.000,1.492,-1.000
1000,7lfa_B0-D0,AF2_ensemble_rank2,1.165,-1.000,1.502,-1.000
1001,7lfa_B0-D0,AF2_ensemble_rank3,1.171,-1.000,1.520,-1.000
1002,7lfa_B0-D0,AF2_ensemble_rank4,1.178,-1.000,1.510,-1.000
1003,7lfa_B0-D0,IG_ensemble_rank0,1.130,-1.000,1.019,-1.000
1004,7lfa_B0-D0,IG_ensemble_rank1,1.180,-1.000,1.011,-1.000
1005,7lfa_B0-D0,IG_ensemble_rank2,1.058,-1.000,1.037,-1.000
1006,7lfa_B0-D0,IG_ensemble_rank3,1.111,-1.000,1.030,-1.000
1007,7lfa_B0-D0,clens,0.640,-1.000,0.566,-1.000
1008,7ps6_H0-L0,IgFold,1.903,-1.000,2.577,-1.000
1009,7ps6_H0-L0,ABodyBuilder2,1.529,0.818,2.192,1.344
1010,7ps6_H0-L0,AF2,2.082,74.106,2.519,75.724
1011,7ps6_H0-L0,ABlooper,2.024,-1.000,2.524,-1.000
1012,7ps6_H0-L0,ABB2_ensemble_rank0,1.529,-1.000,2.192,-1.000
1013,7ps6_H0-L0,ABB2_ensemble_rank1,1.661,-1.000,2.495,-1.000
1014,7ps6_H0-L0,ABB2_ensemble_rank2,1.653,-1.000,2.211,-1.000
1015,7ps6_H0-L0,ABB2_ensemble_rank3,1.816,-1.000,2.126,-1.000
1016,7ps6_H0-L0,AF2_ensemble_rank0,2.082,-1.000,2.519,-1.000
1017,7ps6_H0-L0,AF2_ensemble_rank1,1.680,-1.000,2.650,-1.000
1018,7ps6_H0-L0,AF2_ensemble_rank2,1.282,-1.000,1.641,-1.000
1019,7ps6_H0-L0,AF2_ensemble_rank3,1.020,-1.000,1.295,-1.000
1020,7ps6_H0-L0,AF2_ensemble_rank4,1.205,-1.000,1.445,-1.000
1021,7ps6_H0-L0,IG_ensemble_rank0,1.903,-1.000,2.577,-1.000
1022,7ps6_H0-L0,IG_ensemble_rank1,2.149,-1.000,2.752,-1.000
1023,7ps6_H0-L0,IG_ensemble_rank2,1.548,-1.000,1.804,-1.000
1024,7ps6_H0-L0,IG_ensemble_rank3,1.848,-1.000,2.033,-1.000
1025,7ps6_H0-L0,clens,1.282,-1.000,1.641,-1.000
1026,7mrz_X0-Y0,IgFold,2.058,-1.000,1.317,-1.000
1027,7mrz_X0-Y0,ABodyBuilder2,2.031,0.463,1.026,0.400
1028,7mrz_X0-Y0,AF2,1.919,88.830,0.523,92.077
1029,7mrz_X0-Y0,ABlooper,2.318,-1.000,1.550,-1.000
1030,7mrz_X0-Y0,ABB2_ensemble_rank0,2.031,-1.000,1.026,-1.000
1031,7mrz_X0-Y0,ABB2_ensemble_rank1,1.964,-1.000,1.080,-1.000
1032,7mrz_X0-Y0,ABB2_ensemble_rank2,1.820,-1.000,0.599,-1.000
1033,7mrz_X0-Y0,ABB2_ensemble_rank3,2.026,-1.000,0.799,-1.000
1034,7mrz_X0-Y0,AF2_ensemble_rank0,1.919,-1.000,0.523,-1.000
1035,7mrz_X0-Y0,AF2_ensemble_rank1,1.940,-1.000,0.554,-1.000
1036,7mrz_X0-Y0,AF2_ensemble_rank2,1.929,-1.000,0.524,-1.000
1037,7mrz_X0-Y0,AF2_ensemble_rank3,1.946,-1.000,0.577,-1.000
1038,7mrz_X0-Y0,AF2_ensemble_rank4,1.922,-1.000,0.562,-1.000
1039,7mrz_X0-Y0,IG_ensemble_rank0,2.058,-1.000,1.317,-1.000
1040,7mrz_X0-Y0,IG_ensemble_rank1,2.054,-1.000,1.372,-1.000
1041,7mrz_X0-Y0,IG_ensemble_rank2,2.064,-1.000,1.291,-1.000
1042,7mrz_X0-Y0,IG_ensemble_rank3,2.011,-1.000,1.265,-1.000
1043,7mrz_X0-Y0,clens,1.940,-1.000,0.554,-1.000
1044,7lfb_H0-L0,IgFold,1.174,-1.000,1.234,-1.000
1045,7lfb_H0-L0,ABodyBuilder2,1.018,0.734,0.980,0.812
1046,7lfb_H0-L0,AF2,1.028,96.224,1.065,96.128
1047,7lfb_H0-L0,ABlooper,1.892,-1.000,2.149,-1.000
1048,7lfb_H0-L0,ABB2_ensemble_rank0,1.018,-1.000,0.980,-1.000
1049,7lfb_H0-L0,ABB2_ensemble_rank1,1.204,-1.000,1.338,-1.000
1050,7lfb_H0-L0,ABB2_ensemble_rank2,1.015,-1.000,1.028,-1.000
1051,7lfb_H0-L0,ABB2_ensemble_rank3,1.707,-1.000,1.897,-1.000
1052,7lfb_H0-L0,AF2_ensemble_rank0,1.028,-1.000,1.065,-1.000
1053,7lfb_H0-L0,AF2_ensemble_rank1,1.044,-1.000,1.087,-1.000
1054,7lfb_H0-L0,AF2_ensemble_rank2,1.066,-1.000,1.109,-1.000
1055,7lfb_H0-L0,AF2_ensemble_rank3,1.046,-1.000,1.079,-1.000
1056,7lfb_H0-L0,AF2_ensemble_rank4,1.076,-1.000,1.132,-1.000
1057,7lfb_H0-L0,IG_ensemble_rank0,1.174,-1.000,1.234,-1.000
1058,7lfb_H0-L0,IG_ensemble_rank1,1.160,-1.000,1.332,-1.000
1059,7lfb_H0-L0,IG_ensemble_rank2,1.026,-1.000,0.971,-1.000
1060,7lfb_H0-L0,IG_ensemble_rank3,0.794,-1.000,0.758,-1.000
1061,7lfb_H0-L0,clens,1.018,-1.000,0.980,-1.000
1062,7sem_B0-C0,IgFold,3.325,-1.000,3.565,-1.000
1063,7sem_B0-C0,ABodyBuilder2,0.850,0.730,0.833,0.947
1064,7sem_B0-C0,AF2,1.674,85.430,1.773,85.534
1065,7sem_B0-C0,ABlooper,3.681,-1.000,3.815,-1.000
1066,7sem_B0-C0,ABB2_ensemble_rank0,0.850,-1.000,0.833,-1.000
1067,7sem_B0-C0,ABB2_ensemble_rank1,1.287,-1.000,1.174,-1.000
1068,7sem_B0-C0,ABB2_ensemble_rank2,0.756,-1.000,0.790,-1.000
1069,7sem_B0-C0,ABB2_ensemble_rank3,1.255,-1.000,1.203,-1.000
1070,7sem_B0-C0,AF2_ensemble_rank0,1.674,-1.000,1.773,-1.000
1071,7sem_B0-C0,AF2_ensemble_rank1,2.068,-1.000,1.806,-1.000
1072,7sem_B0-C0,AF2_ensemble_rank2,2.090,-1.000,1.837,-1.000
1073,7sem_B0-C0,AF2_ensemble_rank3,1.714,-1.000,1.809,-1.000
1074,7sem_B0-C0,AF2_ensemble_rank4,2.089,-1.000,1.844,-1.000
1075,7sem_B0-C0,IG_ensemble_rank0,3.325,-1.000,3.565,-1.000
1076,7sem_B0-C0,IG_ensemble_rank1,3.003,-1.000,3.253,-1.000
1077,7sem_B0-C0,IG_ensemble_rank2,3.612,-1.000,3.825,-1.000
1078,7sem_B0-C0,IG_ensemble_rank3,3.483,-1.000,3.562,-1.000
1079,7sem_B0-C0,clens,0.756,-1.000,0.790,-1.000
1080,7rk2_C0-C1,IgFold,0.912,-1.000,0.961,-1.000
1081,7rk2_C0-C1,ABodyBuilder2,1.373,0.480,1.636,0.521
1082,7rk2_C0-C1,AF2,0.788,95.108,0.702,93.715
1083,7rk2_C0-C1,ABlooper,1.881,-1.000,1.473,-1.000
1084,7rk2_C0-C1,ABB2_ensemble_rank0,1.373,-1.000,1.636,-1.000
1085,7rk2_C0-C1,ABB2_ensemble_rank1,0.918,-1.000,1.042,-1.000
1086,7rk2_C0-C1,ABB2_ensemble_rank2,0.927,-1.000,0.959,-1.000
1087,7rk2_C0-C1,ABB2_ensemble_rank3,1.074,-1.000,0.980,-1.000
1088,7rk2_C0-C1,AF2_ensemble_rank0,0.788,-1.000,0.702,-1.000
1089,7rk2_C0-C1,AF2_ensemble_rank1,1.266,-1.000,1.533,-1.000
1090,7rk2_C0-C1,AF2_ensemble_rank2,0.759,-1.000,0.675,-1.000
1091,7rk2_C0-C1,AF2_ensemble_rank3,1.265,-1.000,1.519,-1.000
1092,7rk2_C0-C1,AF2_ensemble_rank4,1.303,-1.000,1.553,-1.000
1093,7rk2_C0-C1,IG_ensemble_rank0,0.912,-1.000,0.961,-1.000
1094,7rk2_C0-C1,IG_ensemble_rank1,0.824,-1.000,1.077,-1.000
1095,7rk2_C0-C1,IG_ensemble_rank2,0.942,-1.000,1.136,-1.000
1096,7rk2_C0-C1,IG_ensemble_rank3,1.098,-1.000,1.363,-1.000
1097,7rk2_C0-C1,clens,0.759,-1.000,0.675,-1.000
1098,7qnw_A0-B0,IgFold,2.375,-1.000,2.108,-1.000
1099,7qnw_A0-B0,ABodyBuilder2,2.040,2.008,1.756,1.987
1100,7qnw_A0-B0,AF2,2.195,79.803,2.303,85.670
1101,7qnw_A0-B0,ABlooper,2.595,-1.000,2.583,-1.000
1102,7qnw_A0-B0,ABB2_ensemble_rank0,2.040,-1.000,1.756,-1.000
1103,7qnw_A0-B0,ABB2_ensemble_rank1,2.877,-1.000,2.953,-1.000
1104,7qnw_A0-B0,ABB2_ensemble_rank2,2.510,-1.000,2.322,-1.000
1105,7qnw_A0-B0,ABB2_ensemble_rank3,2.812,-1.000,2.686,-1.000
1106,7qnw_A0-B0,AF2_ensemble_rank0,2.195,-1.000,2.303,-1.000
1107,7qnw_A0-B0,AF2_ensemble_rank1,2.153,-1.000,2.278,-1.000
1108,7qnw_A0-B0,AF2_ensemble_rank2,2.152,-1.000,2.256,-1.000
1109,7qnw_A0-B0,AF2_ensemble_rank3,1.488,-1.000,1.319,-1.000
1110,7qnw_A0-B0,AF2_ensemble_rank4,1.709,-1.000,1.292,-1.000
1111,7qnw_A0-B0,IG_ensemble_rank0,2.375,-1.000,2.108,-1.000
1112,7qnw_A0-B0,IG_ensemble_rank1,2.396,-1.000,2.133,-1.000
1113,7qnw_A0-B0,IG_ensemble_rank2,2.481,-1.000,2.516,-1.000
1114,7qnw_A0-B0,IG_ensemble_rank3,2.307,-1.000,2.183,-1.000
1115,7qnw_A0-B0,clens,2.152,-1.000,2.108,-1.000
1116,7mzk_N0-M0,IgFold,2.309,-1.000,2.358,-1.000
1117,7mzk_N0-M0,ABodyBuilder2,2.412,0.551,2.257,0.786
1118,7mzk_N0-M0,AF2,1.456,88.614,1.589,88.403
1119,7mzk_N0-M0,ABlooper,2.407,-1.000,2.041,-1.000
1120,7mzk_N0-M0,ABB2_ensemble_rank0,2.412,-1.000,2.257,-1.000
1121,7mzk_N0-M0,ABB2_ensemble_rank1,2.050,-1.000,2.133,-1.000
1122,7mzk_N0-M0,ABB2_ensemble_rank2,2.084,-1.000,2.141,-1.000
1123,7mzk_N0-M0,ABB2_ensemble_rank3,2.577,-1.000,2.610,-1.000
1124,7mzk_N0-M0,AF2_ensemble_rank0,1.456,-1.000,1.589,-1.000
1125,7mzk_N0-M0,AF2_ensemble_rank1,1.479,-1.000,1.622,-1.000
1126,7mzk_N0-M0,AF2_ensemble_rank2,1.452,-1.000,1.518,-1.000
1127,7mzk_N0-M0,AF2_ensemble_rank3,1.817,-1.000,1.891,-1.000
1128,7mzk_N0-M0,AF2_ensemble_rank4,1.842,-1.000,1.915,-1.000
1129,7mzk_N0-M0,IG_ensemble_rank0,2.309,-1.000,2.358,-1.000
1130,7mzk_N0-M0,IG_ensemble_rank1,2.210,-1.000,2.230,-1.000
1131,7mzk_N0-M0,IG_ensemble_rank2,2.149,-1.000,2.164,-1.000
1132,7mzk_N0-M0,IG_ensemble_rank3,2.329,-1.000,2.387,-1.000
1133,7mzk_N0-M0,clens,1.452,-1.000,1.518,-1.000
1134,7kn3_H0-L0,IgFold,0.998,-1.000,0.867,-1.000
1135,7kn3_H0-L0,ABodyBuilder2,1.081,0.366,0.924,0.388
1136,7kn3_H0-L0,AF2,0.981,93.248,0.517,93.375
1137,7kn3_H0-L0,ABlooper,2.754,-1.000,2.443,-1.000
1138,7kn3_H0-L0,ABB2_ensemble_rank0,1.081,-1.000,0.924,-1.000
1139,7kn3_H0-L0,ABB2_ensemble_rank1,1.049,-1.000,0.741,-1.000
1140,7kn3_H0-L0,ABB2_ensemble_rank2,1.173,-1.000,0.926,-1.000
1141,7kn3_H0-L0,ABB2_ensemble_rank3,0.978,-1.000,0.686,-1.000
1142,7kn3_H0-L0,AF2_ensemble_rank0,0.981,-1.000,0.517,-1.000
1143,7kn3_H0-L0,AF2_ensemble_rank1,0.982,-1.000,0.517,-1.000
1144,7kn3_H0-L0,AF2_ensemble_rank2,0.986,-1.000,0.514,-1.000
1145,7kn3_H0-L0,AF2_ensemble_rank3,0.974,-1.000,0.517,-1.000
1146,7kn3_H0-L0,AF2_ensemble_rank4,0.971,-1.000,0.521,-1.000
1147,7kn3_H0-L0,IG_ensemble_rank0,0.998,-1.000,0.867,-1.000
1148,7kn3_H0-L0,IG_ensemble_rank1,1.084,-1.000,0.814,-1.000
1149,7kn3_H0-L0,IG_ensemble_rank2,1.080,-1.000,0.749,-1.000
1150,7kn3_H0-L0,IG_ensemble_rank3,1.132,-1.000,0.655,-1.000
1151,7kn3_H0-L0,clens,0.974,-1.000,0.517,-1.000
1152,7rah_D0-C0,IgFold,1.695,-1.000,2.264,-1.000
1153,7rah_D0-C0,ABodyBuilder2,1.705,0.620,2.073,0.859
1154,7rah_D0-C0,AF2,1.145,88.853,1.296,85.595
1155,7rah_D0-C0,ABlooper,2.296,-1.000,2.734,-1.000
1156,7rah_D0-C0,ABB2_ensemble_rank0,1.705,-1.000,2.073,-1.000
1157,7rah_D0-C0,ABB2_ensemble_rank1,1.548,-1.000,2.101,-1.000
1158,7rah_D0-C0,ABB2_ensemble_rank2,1.853,-1.000,2.350,-1.000
1159,7rah_D0-C0,ABB2_ensemble_rank3,1.301,-1.000,2.007,-1.000
1160,7rah_D0-C0,AF2_ensemble_rank0,1.145,-1.000,1.296,-1.000
1161,7rah_D0-C0,AF2_ensemble_rank1,1.118,-1.000,1.327,-1.000
1162,7rah_D0-C0,AF2_ensemble_rank2,1.081,-1.000,1.240,-1.000
1163,7rah_D0-C0,AF2_ensemble_rank3,1.156,-1.000,1.351,-1.000
1164,7rah_D0-C0,AF2_ensemble_rank4,1.082,-1.000,1.259,-1.000
1165,7rah_D0-C0,IG_ensemble_rank0,1.695,-1.000,2.264,-1.000
1166,7rah_D0-C0,IG_ensemble_rank1,1.668,-1.000,2.414,-1.000
1167,7rah_D0-C0,IG_ensemble_rank2,1.428,-1.000,1.917,-1.000
1168,7rah_D0-C0,IG_ensemble_rank3,1.453,-1.000,1.685,-1.000
1169,7rah_D0-C0,clens,1.145,-1.000,1.296,-1.000
1170,7soe_B0-L0,IgFold,2.121,-1.000,2.285,-1.000
1171,7soe_B0-L0,ABodyBuilder2,2.481,1.017,3.105,1.131
1172,7soe_B0-L0,AF2,1.604,67.615,1.652,82.393
1173,7soe_B0-L0,ABlooper,2.441,-1.000,3.393,-1.000
1174,7soe_B0-L0,ABB2_ensemble_rank0,2.481,-1.000,3.105,-1.000
1175,7soe_B0-L0,ABB2_ensemble_rank1,1.998,-1.000,3.433,-1.000
1176,7soe_B0-L0,ABB2_ensemble_rank2,1.936,-1.000,2.552,-1.000
1177,7soe_B0-L0,ABB2_ensemble_rank3,2.975,-1.000,4.582,-1.000
1178,7soe_B0-L0,AF2_ensemble_rank0,1.604,-1.000,1.652,-1.000
1179,7soe_B0-L0,AF2_ensemble_rank1,1.940,-1.000,1.924,-1.000
1180,7soe_B0-L0,AF2_ensemble_rank2,1.951,-1.000,1.859,-1.000
1181,7soe_B0-L0,AF2_ensemble_rank3,1.511,-1.000,1.420,-1.000
1182,7soe_B0-L0,AF2_ensemble_rank4,1.715,-1.000,1.846,-1.000
1183,7soe_B0-L0,IG_ensemble_rank0,2.121,-1.000,2.285,-1.000
1184,7soe_B0-L0,IG_ensemble_rank1,2.332,-1.000,2.927,-1.000
1185,7soe_B0-L0,IG_ensemble_rank2,2.319,-1.000,2.062,-1.000
1186,7soe_B0-L0,IG_ensemble_rank3,2.129,-1.000,1.934,-1.000
1187,7soe_B0-L0,clens,1.940,-1.000,1.924,-1.000
1188,7ps4_H0-L0,IgFold,2.465,-1.000,2.783,-1.000
1189,7ps4_H0-L0,ABodyBuilder2,3.929,1.416,4.540,2.163
1190,7ps4_H0-L0,AF2,1.788,89.263,2.175,89.015
1191,7ps4_H0-L0,ABlooper,4.026,-1.000,4.553,-1.000
1192,7ps4_H0-L0,ABB2_ensemble_rank0,3.929,-1.000,4.540,-1.000
1193,7ps4_H0-L0,ABB2_ensemble_rank1,2.350,-1.000,2.443,-1.000
1194,7ps4_H0-L0,ABB2_ensemble_rank2,3.663,-1.000,4.547,-1.000
1195,7ps4_H0-L0,ABB2_ensemble_rank3,3.702,-1.000,4.311,-1.000
1196,7ps4_H0-L0,AF2_ensemble_rank0,1.788,-1.000,2.175,-1.000
1197,7ps4_H0-L0,AF2_ensemble_rank1,1.785,-1.000,2.151,-1.000
1198,7ps4_H0-L0,AF2_ensemble_rank2,1.521,-1.000,1.793,-1.000
1199,7ps4_H0-L0,AF2_ensemble_rank3,1.586,-1.000,1.877,-1.000
1200,7ps4_H0-L0,AF2_ensemble_rank4,1.547,-1.000,1.840,-1.000
1201,7ps4_H0-L0,IG_ensemble_rank0,2.465,-1.000,2.783,-1.000
1202,7ps4_H0-L0,IG_ensemble_rank1,2.084,-1.000,2.401,-1.000
1203,7ps4_H0-L0,IG_ensemble_rank2,2.328,-1.000,2.614,-1.000
1204,7ps4_H0-L0,IG_ensemble_rank3,1.941,-1.000,2.257,-1.000
1205,7ps4_H0-L0,clens,1.586,-1.000,1.877,-1.000
1206,7shz_K0-L0,IgFold,1.607,-1.000,1.720,-1.000
1207,7shz_K0-L0,ABodyBuilder2,1.523,0.307,1.808,0.303
1208,7shz_K0-L0,AF2,1.141,87.853,0.997,88.048
1209,7shz_K0-L0,ABlooper,1.997,-1.000,1.637,-1.000
1210,7shz_K0-L0,ABB2_ensemble_rank0,1.523,-1.000,1.808,-1.000
1211,7shz_K0-L0,ABB2_ensemble_rank1,1.564,-1.000,1.851,-1.000
1212,7shz_K0-L0,ABB2_ensemble_rank2,1.476,-1.000,1.729,-1.000
1213,7shz_K0-L0,ABB2_ensemble_rank3,1.472,-1.000,1.571,-1.000
1214,7shz_K0-L0,AF2_ensemble_rank0,1.141,-1.000,0.997,-1.000
1215,7shz_K0-L0,AF2_ensemble_rank1,1.554,-1.000,1.681,-1.000
1216,7shz_K0-L0,AF2_ensemble_rank2,1.488,-1.000,1.637,-1.000
1217,7shz_K0-L0,AF2_ensemble_rank3,1.567,-1.000,1.740,-1.000
1218,7shz_K0-L0,AF2_ensemble_rank4,1.341,-1.000,1.249,-1.000
1219,7shz_K0-L0,IG_ensemble_rank0,1.607,-1.000,1.720,-1.000
1220,7shz_K0-L0,IG_ensemble_rank1,1.556,-1.000,1.758,-1.000
1221,7shz_K0-L0,IG_ensemble_rank2,1.726,-1.000,1.803,-1.000
1222,7shz_K0-L0,IG_ensemble_rank3,1.740,-1.000,1.783,-1.000
1223,7shz_K0-L0,clens,1.488,-1.000,1.637,-1.000
1224,7ps0_H0-L0,IgFold,2.358,-1.000,1.655,-1.000
1225,7ps0_H0-L0,ABodyBuilder2,2.518,0.749,1.482,0.974
1226,7ps0_H0-L0,AF2,2.254,82.070,0.918,88.438
1227,7ps0_H0-L0,ABlooper,3.382,-1.000,2.811,-1.000
1228,7ps0_H0-L0,ABB2_ensemble_rank0,2.518,-1.000,1.482,-1.000
1229,7ps0_H0-L0,ABB2_ensemble_rank1,2.480,-1.000,1.530,-1.000
1230,7ps0_H0-L0,ABB2_ensemble_rank2,2.111,-1.000,0.787,-1.000
1231,7ps0_H0-L0,ABB2_ensemble_rank3,2.538,-1.000,1.735,-1.000
1232,7ps0_H0-L0,AF2_ensemble_rank0,2.254,-1.000,0.918,-1.000
1233,7ps0_H0-L0,AF2_ensemble_rank1,2.233,-1.000,0.868,-1.000
1234,7ps0_H0-L0,AF2_ensemble_rank2,2.261,-1.000,0.927,-1.000
1235,7ps0_H0-L0,AF2_ensemble_rank3,2.217,-1.000,0.875,-1.000
1236,7ps0_H0-L0,AF2_ensemble_rank4,2.276,-1.000,0.851,-1.000
1237,7ps0_H0-L0,IG_ensemble_rank0,2.358,-1.000,1.655,-1.000
1238,7ps0_H0-L0,IG_ensemble_rank1,2.398,-1.000,1.617,-1.000
1239,7ps0_H0-L0,IG_ensemble_rank2,2.545,-1.000,1.787,-1.000
1240,7ps0_H0-L0,IG_ensemble_rank3,2.459,-1.000,1.597,-1.000
1241,7ps0_H0-L0,clens,2.233,-1.000,0.868,-1.000
1242,7bbj_H0-L0,IgFold,1.025,-1.000,1.048,-1.000
1243,7bbj_H0-L0,ABodyBuilder2,0.998,0.409,1.209,0.429
1244,7bbj_H0-L0,AF2,0.956,95.925,1.027,95.372
1245,7bbj_H0-L0,ABlooper,1.346,-1.000,1.215,-1.000
1246,7bbj_H0-L0,ABB2_ensemble_rank0,0.998,-1.000,1.209,-1.000
1247,7bbj_H0-L0,ABB2_ensemble_rank1,1.064,-1.000,1.243,-1.000
1248,7bbj_H0-L0,ABB2_ensemble_rank2,1.118,-1.000,1.309,-1.000
1249,7bbj_H0-L0,ABB2_ensemble_rank3,0.789,-1.000,0.948,-1.000
1250,7bbj_H0-L0,AF2_ensemble_rank0,0.956,-1.000,1.027,-1.000
1251,7bbj_H0-L0,AF2_ensemble_rank1,0.961,-1.000,1.017,-1.000
1252,7bbj_H0-L0,AF2_ensemble_rank2,0.968,-1.000,1.017,-1.000
1253,7bbj_H0-L0,AF2_ensemble_rank3,0.963,-1.000,1.012,-1.000
1254,7bbj_H0-L0,AF2_ensemble_rank4,0.956,-1.000,1.020,-1.000
1255,7bbj_H0-L0,IG_ensemble_rank0,1.025,-1.000,1.048,-1.000
1256,7bbj_H0-L0,IG_ensemble_rank1,0.944,-1.000,0.998,-1.000
1257,7bbj_H0-L0,IG_ensemble_rank2,1.047,-1.000,1.098,-1.000
1258,7bbj_H0-L0,IG_ensemble_rank3,0.955,-1.000,1.029,-1.000
1259,7bbj_H0-L0,clens,0.944,-1.000,0.998,-1.000
1260,7vux_H0-L0,IgFold,0.908,-1.000,0.870,-1.000
1261,7vux_H0-L0,ABodyBuilder2,0.516,0.339,0.482,0.373
1262,7vux_H0-L0,AF2,0.480,92.557,0.398,91.541
1263,7vux_H0-L0,ABlooper,1.614,-1.000,1.445,-1.000
1264,7vux_H0-L0,ABB2_ensemble_rank0,0.516,-1.000,0.482,-1.000
1265,7vux_H0-L0,ABB2_ensemble_rank1,0.560,-1.000,0.656,-1.000
1266,7vux_H0-L0,ABB2_ensemble_rank2,0.643,-1.000,0.659,-1.000
1267,7vux_H0-L0,ABB2_ensemble_rank3,0.765,-1.000,0.791,-1.000
1268,7vux_H0-L0,AF2_ensemble_rank0,0.480,-1.000,0.398,-1.000
1269,7vux_H0-L0,AF2_ensemble_rank1,0.440,-1.000,0.383,-1.000
1270,7vux_H0-L0,AF2_ensemble_rank2,0.451,-1.000,0.395,-1.000
1271,7vux_H0-L0,AF2_ensemble_rank3,0.446,-1.000,0.396,-1.000
1272,7vux_H0-L0,AF2_ensemble_rank4,0.471,-1.000,0.395,-1.000
1273,7vux_H0-L0,IG_ensemble_rank0,0.908,-1.000,0.870,-1.000
1274,7vux_H0-L0,IG_ensemble_rank1,0.890,-1.000,1.043,-1.000
1275,7vux_H0-L0,IG_ensemble_rank2,1.031,-1.000,0.912,-1.000
1276,7vux_H0-L0,IG_ensemble_rank3,0.989,-1.000,0.886,-1.000
1277,7vux_H0-L0,clens,0.440,-1.000,0.383,-1.000
1278,7vmu_A0-A1,IgFold,1.438,-1.000,2.129,-1.000
1279,7vmu_A0-A1,ABodyBuilder2,0.968,0.432,0.800,0.556
1280,7vmu_A0-A1,AF2,1.873,95.681,2.644,94.327
1281,7vmu_A0-A1,ABlooper,2.096,-1.000,2.422,-1.000
1282,7vmu_A0-A1,ABB2_ensemble_rank0,0.968,-1.000,0.800,-1.000
1283,7vmu_A0-A1,ABB2_ensemble_rank1,1.018,-1.000,1.210,-1.000
1284,7vmu_A0-A1,ABB2_ensemble_rank2,0.923,-1.000,0.891,-1.000
1285,7vmu_A0-A1,ABB2_ensemble_rank3,0.748,-1.000,0.632,-1.000
1286,7vmu_A0-A1,AF2_ensemble_rank0,1.873,-1.000,2.644,-1.000
1287,7vmu_A0-A1,AF2_ensemble_rank1,1.865,-1.000,2.637,-1.000
1288,7vmu_A0-A1,AF2_ensemble_rank2,1.873,-1.000,2.641,-1.000
1289,7vmu_A0-A1,AF2_ensemble_rank3,1.879,-1.000,2.655,-1.000
1290,7vmu_A0-A1,AF2_ensemble_rank4,1.817,-1.000,2.543,-1.000
1291,7vmu_A0-A1,IG_ensemble_rank0,1.438,-1.000,2.129,-1.000
1292,7vmu_A0-A1,IG_ensemble_rank1,1.306,-1.000,1.980,-1.000
1293,7vmu_A0-A1,IG_ensemble_rank2,1.259,-1.000,2.006,-1.000
1294,7vmu_A0-A1,IG_ensemble_rank3,1.287,-1.000,2.030,-1.000
1295,7vmu_A0-A1,clens,0.923,-1.000,0.891,-1.000
1296,7coe_H0-L0,IgFold,2.854,-1.000,3.259,-1.000
1297,7coe_H0-L0,ABodyBuilder2,2.407,1.326,2.771,2.363
1298,7coe_H0-L0,AF2,2.779,74.637,2.914,77.110
1299,7coe_H0-L0,ABlooper,2.879,-1.000,3.469,-1.000
1300,7coe_H0-L0,ABB2_ensemble_rank0,2.407,-1.000,2.771,-1.000
1301,7coe_H0-L0,ABB2_ensemble_rank1,2.784,-1.000,3.168,-1.000
1302,7coe_H0-L0,ABB2_ensemble_rank2,1.648,-1.000,2.525,-1.000
1303,7coe_H0-L0,ABB2_ensemble_rank3,2.877,-1.000,3.712,-1.000
1304,7coe_H0-L0,AF2_ensemble_rank0,2.779,-1.000,2.914,-1.000
1305,7coe_H0-L0,AF2_ensemble_rank1,2.636,-1.000,3.001,-1.000
1306,7coe_H0-L0,AF2_ensemble_rank2,2.792,-1.000,2.934,-1.000
1307,7coe_H0-L0,AF2_ensemble_rank3,3.030,-1.000,3.400,-1.000
1308,7coe_H0-L0,AF2_ensemble_rank4,2.373,-1.000,2.625,-1.000
1309,7coe_H0-L0,IG_ensemble_rank0,2.854,-1.000,3.259,-1.000
1310,7coe_H0-L0,IG_ensemble_rank1,2.766,-1.000,3.053,-1.000
1311,7coe_H0-L0,IG_ensemble_rank2,2.287,-1.000,3.012,-1.000
1312,7coe_H0-L0,IG_ensemble_rank3,2.721,-1.000,3.114,-1.000
1313,7coe_H0-L0,clens,2.407,-1.000,2.771,-1.000
1314,7ps6_C0-D0,IgFold,1.188,-1.000,1.531,-1.000
1315,7ps6_C0-D0,ABodyBuilder2,0.875,0.564,1.154,0.599
1316,7ps6_C0-D0,AF2,1.332,86.494,1.452,89.022
1317,7ps6_C0-D0,ABlooper,1.975,-1.000,1.850,-1.000
1318,7ps6_C0-D0,ABB2_ensemble_rank0,0.875,-1.000,1.154,-1.000
1319,7ps6_C0-D0,ABB2_ensemble_rank1,1.453,-1.000,1.670,-1.000
1320,7ps6_C0-D0,ABB2_ensemble_rank2,1.151,-1.000,1.241,-1.000
1321,7ps6_C0-D0,ABB2_ensemble_rank3,1.412,-1.000,1.634,-1.000
1322,7ps6_C0-D0,AF2_ensemble_rank0,1.332,-1.000,1.452,-1.000
1323,7ps6_C0-D0,AF2_ensemble_rank1,0.790,-1.000,0.808,-1.000
1324,7ps6_C0-D0,AF2_ensemble_rank2,1.320,-1.000,1.427,-1.000
1325,7ps6_C0-D0,AF2_ensemble_rank3,1.229,-1.000,1.327,-1.000
1326,7ps6_C0-D0,AF2_ensemble_rank4,1.154,-1.000,1.241,-1.000
1327,7ps6_C0-D0,IG_ensemble_rank0,1.188,-1.000,1.531,-1.000
1328,7ps6_C0-D0,IG_ensemble_rank1,1.219,-1.000,1.587,-1.000
1329,7ps6_C0-D0,IG_ensemble_rank2,1.384,-1.000,1.752,-1.000
1330,7ps6_C0-D0,IG_ensemble_rank3,1.119,-1.000,1.423,-1.000
1331,7ps6_C0-D0,clens,0.875,-1.000,1.154,-1.000
1332,7q0g_H0-L0,IgFold,2.362,-1.000,3.106,-1.000
1333,7q0g_H0-L0,ABodyBuilder2,2.601,0.400,3.402,0.558
1334,7q0g_H0-L0,AF2,2.340,90.004,3.400,84.378
1335,7q0g_H0-L0,ABlooper,3.746,-1.000,4.084,-1.000
1336,7q0g_H0-L0,ABB2_ensemble_rank0,2.601,-1.000,3.402,-1.000
1337,7q0g_H0-L0,ABB2_ensemble_rank1,2.500,-1.000,3.135,-1.000
1338,7q0g_H0-L0,ABB2_ensemble_rank2,2.566,-1.000,3.282,-1.000
1339,7q0g_H0-L0,ABB2_ensemble_rank3,2.449,-1.000,3.772,-1.000
1340,7q0g_H0-L0,AF2_ensemble_rank0,2.340,-1.000,3.400,-1.000
1341,7q0g_H0-L0,AF2_ensemble_rank1,2.376,-1.000,3.483,-1.000
1342,7q0g_H0-L0,AF2_ensemble_rank2,2.623,-1.000,4.144,-1.000
1343,7q0g_H0-L0,AF2_ensemble_rank3,2.334,-1.000,3.424,-1.000
1344,7q0g_H0-L0,AF2_ensemble_rank4,2.333,-1.000,3.444,-1.000
1345,7q0g_H0-L0,IG_ensemble_rank0,2.362,-1.000,3.106,-1.000
1346,7q0g_H0-L0,IG_ensemble_rank1,2.354,-1.000,3.321,-1.000
1347,7q0g_H0-L0,IG_ensemble_rank2,2.532,-1.000,3.300,-1.000
1348,7q0g_H0-L0,IG_ensemble_rank3,2.299,-1.000,3.273,-1.000
1349,7q0g_H0-L0,clens,2.299,-1.000,3.135,-1.000
1350,7mzg_H0-L0,IgFold,1.581,-1.000,1.624,-1.000
1351,7mzg_H0-L0,ABodyBuilder2,1.305,0.585,0.520,0.427
1352,7mzg_H0-L0,AF2,1.805,90.280,1.939,94.439
1353,7mzg_H0-L0,ABlooper,2.424,-1.000,2.262,-1.000
1354,7mzg_H0-L0,ABB2_ensemble_rank0,1.305,-1.000,0.520,-1.000
1355,7mzg_H0-L0,ABB2_ensemble_rank1,1.435,-1.000,0.763,-1.000
1356,7mzg_H0-L0,ABB2_ensemble_rank2,1.469,-1.000,0.716,-1.000
1357,7mzg_H0-L0,ABB2_ensemble_rank3,1.547,-1.000,1.126,-1.000
1358,7mzg_H0-L0,AF2_ensemble_rank0,1.805,-1.000,1.939,-1.000
1359,7mzg_H0-L0,AF2_ensemble_rank1,1.768,-1.000,1.946,-1.000
1360,7mzg_H0-L0,AF2_ensemble_rank2,1.840,-1.000,1.959,-1.000
1361,7mzg_H0-L0,AF2_ensemble_rank3,1.848,-1.000,1.959,-1.000
1362,7mzg_H0-L0,AF2_ensemble_rank4,1.308,-1.000,1.216,-1.000
1363,7mzg_H0-L0,IG_ensemble_rank0,1.581,-1.000,1.624,-1.000
1364,7mzg_H0-L0,IG_ensemble_rank1,1.500,-1.000,1.606,-1.000
1365,7mzg_H0-L0,IG_ensemble_rank2,1.597,-1.000,1.540,-1.000
1366,7mzg_H0-L0,IG_ensemble_rank3,1.613,-1.000,1.642,-1.000
1367,7mzg_H0-L0,clens,1.305,-1.000,0.520,-1.000
1368,7pi7_B0-C0,IgFold,0.710,-1.000,0.622,-1.000
1369,7pi7_B0-C0,ABodyBuilder2,0.892,0.464,0.804,0.429
1370,7pi7_B0-C0,AF2,0.619,93.718,0.260,95.832
1371,7pi7_B0-C0,ABlooper,1.613,-1.000,1.313,-1.000
1372,7pi7_B0-C0,ABB2_ensemble_rank0,0.892,-1.000,0.804,-1.000
1373,7pi7_B0-C0,ABB2_ensemble_rank1,0.687,-1.000,0.491,-1.000
1374,7pi7_B0-C0,ABB2_ensemble_rank2,0.925,-1.000,0.509,-1.000
1375,7pi7_B0-C0,ABB2_ensemble_rank3,0.880,-1.000,0.739,-1.000
1376,7pi7_B0-C0,AF2_ensemble_rank0,0.619,-1.000,0.260,-1.000
1377,7pi7_B0-C0,AF2_ensemble_rank1,0.615,-1.000,0.264,-1.000
1378,7pi7_B0-C0,AF2_ensemble_rank2,0.626,-1.000,0.261,-1.000
1379,7pi7_B0-C0,AF2_ensemble_rank3,0.620,-1.000,0.249,-1.000
1380,7pi7_B0-C0,AF2_ensemble_rank4,0.625,-1.000,0.278,-1.000
1381,7pi7_B0-C0,IG_ensemble_rank0,0.710,-1.000,0.622,-1.000
1382,7pi7_B0-C0,IG_ensemble_rank1,0.733,-1.000,0.688,-1.000
1383,7pi7_B0-C0,IG_ensemble_rank2,0.706,-1.000,0.450,-1.000
1384,7pi7_B0-C0,IG_ensemble_rank3,0.755,-1.000,0.616,-1.000
1385,7pi7_B0-C0,clens,0.615,-1.000,0.264,-1.000
1386,7e5o_H0-L0,IgFold,1.328,-1.000,1.637,-1.000
1387,7e5o_H0-L0,ABodyBuilder2,1.474,0.634,1.684,0.959
1388,7e5o_H0-L0,AF2,1.033,89.589,1.050,84.026
1389,7e5o_H0-L0,ABlooper,2.084,-1.000,1.965,-1.000
1390,7e5o_H0-L0,ABB2_ensemble_rank0,1.474,-1.000,1.684,-1.000
1391,7e5o_H0-L0,ABB2_ensemble_rank1,1.495,-1.000,1.894,-1.000
1392,7e5o_H0-L0,ABB2_ensemble_rank2,1.693,-1.000,2.058,-1.000
1393,7e5o_H0-L0,ABB2_ensemble_rank3,1.640,-1.000,1.967,-1.000
1394,7e5o_H0-L0,AF2_ensemble_rank0,1.033,-1.000,1.050,-1.000
1395,7e5o_H0-L0,AF2_ensemble_rank1,1.075,-1.000,1.063,-1.000
1396,7e5o_H0-L0,AF2_ensemble_rank2,0.912,-1.000,0.864,-1.000
1397,7e5o_H0-L0,AF2_ensemble_rank3,0.919,-1.000,0.871,-1.000
1398,7e5o_H0-L0,AF2_ensemble_rank4,1.084,-1.000,1.140,-1.000
1399,7e5o_H0-L0,IG_ensemble_rank0,1.328,-1.000,1.637,-1.000
1400,7e5o_H0-L0,IG_ensemble_rank1,1.315,-1.000,1.682,-1.000
1401,7e5o_H0-L0,IG_ensemble_rank2,1.287,-1.000,1.566,-1.000
1402,7e5o_H0-L0,IG_ensemble_rank3,1.411,-1.000,1.547,-1.000
1403,7e5o_H0-L0,clens,1.033,-1.000,1.050,-1.000
1404,7n3i_H0-L0,IgFold,1.452,-1.000,2.021,-1.000
1405,7n3i_H0-L0,ABodyBuilder2,1.151,0.366,0.455,0.373
1406,7n3i_H0-L0,AF2,1.687,90.441,2.067,86.992
1407,7n3i_H0-L0,ABlooper,2.087,-1.000,2.233,-1.000
1408,7n3i_H0-L0,ABB2_ensemble_rank0,1.151,-1.000,0.455,-1.000
1409,7n3i_H0-L0,ABB2_ensemble_rank1,1.163,-1.000,0.379,-1.000
1410,7n3i_H0-L0,ABB2_ensemble_rank2,1.057,-1.000,0.788,-1.000
1411,7n3i_H0-L0,ABB2_ensemble_rank3,0.861,-1.000,0.406,-1.000
1412,7n3i_H0-L0,AF2_ensemble_rank0,1.687,-1.000,2.067,-1.000
1413,7n3i_H0-L0,AF2_ensemble_rank1,1.681,-1.000,2.047,-1.000
1414,7n3i_H0-L0,AF2_ensemble_rank2,1.690,-1.000,2.054,-1.000
1415,7n3i_H0-L0,AF2_ensemble_rank3,1.706,-1.000,2.084,-1.000
1416,7n3i_H0-L0,AF2_ensemble_rank4,1.685,-1.000,2.068,-1.000
1417,7n3i_H0-L0,IG_ensemble_rank0,1.452,-1.000,2.021,-1.000
1418,7n3i_H0-L0,IG_ensemble_rank1,1.461,-1.000,2.043,-1.000
1419,7n3i_H0-L0,IG_ensemble_rank2,1.519,-1.000,2.171,-1.000
1420,7n3i_H0-L0,IG_ensemble_rank3,1.329,-1.000,1.684,-1.000
1421,7n3i_H0-L0,clens,1.151,-1.000,0.455,-1.000
1422,7ps2_H0-L0,IgFold,2.793,-1.000,2.214,-1.000
1423,7ps2_H0-L0,ABodyBuilder2,3.189,0.882,2.779,0.972
1424,7ps2_H0-L0,AF2,2.507,82.549,2.211,88.422
1425,7ps2_H0-L0,ABlooper,2.770,-1.000,2.064,-1.000
1426,7ps2_H0-L0,ABB2_ensemble_rank0,3.189,-1.000,2.779,-1.000
1427,7ps2_H0-L0,ABB2_ensemble_rank1,2.856,-1.000,2.261,-1.000
1428,7ps2_H0-L0,ABB2_ensemble_rank2,2.573,-1.000,1.887,-1.000
1429,7ps2_H0-L0,ABB2_ensemble_rank3,3.278,-1.000,2.767,-1.000
1430,7ps2_H0-L0,AF2_ensemble_rank0,2.507,-1.000,2.211,-1.000
1431,7ps2_H0-L0,AF2_ensemble_rank1,2.533,-1.000,2.162,-1.000
1432,7ps2_H0-L0,AF2_ensemble_rank2,2.185,-1.000,1.663,-1.000
1433,7ps2_H0-L0,AF2_ensemble_rank3,2.204,-1.000,1.676,-1.000
1434,7ps2_H0-L0,AF2_ensemble_rank4,2.854,-1.000,2.401,-1.000
1435,7ps2_H0-L0,IG_ensemble_rank0,2.793,-1.000,2.214,-1.000
1436,7ps2_H0-L0,IG_ensemble_rank1,2.628,-1.000,2.107,-1.000
1437,7ps2_H0-L0,IG_ensemble_rank2,2.477,-1.000,1.976,-1.000
1438,7ps2_H0-L0,IG_ensemble_rank3,2.493,-1.000,2.038,-1.000
1439,7ps2_H0-L0,clens,2.204,-1.000,1.676,-1.000
1440,7rks_H0-L0,IgFold,3.980,-1.000,5.041,-1.000
1441,7rks_H0-L0,ABodyBuilder2,4.216,1.156,5.523,2.211
1442,7rks_H0-L0,AF2,3.343,77.871,4.214,71.283
1443,7rks_H0-L0,ABlooper,4.505,-1.000,6.013,-1.000
1444,7rks_H0-L0,ABB2_ensemble_rank0,4.216,-1.000,5.523,-1.000
1445,7rks_H0-L0,ABB2_ensemble_rank1,4.107,-1.000,6.123,-1.000
1446,7rks_H0-L0,ABB2_ensemble_rank2,3.507,-1.000,4.907,-1.000
1447,7rks_H0-L0,ABB2_ensemble_rank3,3.805,-1.000,5.803,-1.000
1448,7rks_H0-L0,AF2_ensemble_rank0,3.343,-1.000,4.214,-1.000
1449,7rks_H0-L0,AF2_ensemble_rank1,3.303,-1.000,4.202,-1.000
1450,7rks_H0-L0,AF2_ensemble_rank2,3.436,-1.000,4.305,-1.000
1451,7rks_H0-L0,AF2_ensemble_rank3,3.359,-1.000,4.257,-1.000
1452,7rks_H0-L0,AF2_ensemble_rank4,3.315,-1.000,4.208,-1.000
1453,7rks_H0-L0,IG_ensemble_rank0,3.980,-1.000,5.041,-1.000
1454,7rks_H0-L0,IG_ensemble_rank1,3.953,-1.000,5.187,-1.000
1455,7rks_H0-L0,IG_ensemble_rank2,4.326,-1.000,5.330,-1.000
1456,7rks_H0-L0,IG_ensemble_rank3,3.695,-1.000,4.882,-1.000
1457,7rks_H0-L0,clens,3.343,-1.000,4.214,-1.000
1458,7kf0_H0-L0,IgFold,1.737,-1.000,1.163,-1.000
1459,7kf0_H0-L0,ABodyBuilder2,1.971,0.650,1.488,0.557
1460,7kf0_H0-L0,AF2,2.011,78.793,1.117,84.657
1461,7kf0_H0-L0,ABlooper,1.595,-1.000,1.810,-1.000
1462,7kf0_H0-L0,ABB2_ensemble_rank0,1.971,-1.000,1.488,-1.000
1463,7kf0_H0-L0,ABB2_ensemble_rank1,1.556,-1.000,0.970,-1.000
1464,7kf0_H0-L0,ABB2_ensemble_rank2,1.731,-1.000,1.300,-1.000
1465,7kf0_H0-L0,ABB2_ensemble_rank3,1.653,-1.000,2.110,-1.000
1466,7kf0_H0-L0,AF2_ensemble_rank0,2.011,-1.000,1.117,-1.000
1467,7kf0_H0-L0,AF2_ensemble_rank1,1.873,-1.000,1.219,-1.000
1468,7kf0_H0-L0,AF2_ensemble_rank2,2.009,-1.000,1.136,-1.000
1469,7kf0_H0-L0,AF2_ensemble_rank3,2.049,-1.000,1.158,-1.000
1470,7kf0_H0-L0,AF2_ensemble_rank4,1.851,-1.000,1.207,-1.000
1471,7kf0_H0-L0,IG_ensemble_rank0,1.737,-1.000,1.163,-1.000
1472,7kf0_H0-L0,IG_ensemble_rank1,1.403,-1.000,1.126,-1.000
1473,7kf0_H0-L0,IG_ensemble_rank2,1.573,-1.000,1.189,-1.000
1474,7kf0_H0-L0,IG_ensemble_rank3,1.744,-1.000,1.405,-1.000
1475,7kf0_H0-L0,clens,1.403,-1.000,1.126,-1.000
