,pdb,model,paratope_rmsd,epitope_rmsd,interface_rmsd
0,7rfb_A0-B0,IgFold,2.799,1.408,2.285
1,7rfb_A0-B0,ABodyBuilder2,3.428,1.408,2.717
2,7rfb_A0-B0,AF2,3.930,1.408,3.070
3,7rfb_A0-B0,ABlooper,3.984,1.408,3.109
4,7rfb_A0-B0,ABB2_ensemble_rank0,3.428,1.408,2.717
5,7rfb_A0-B0,ABB2_ensemble_rank1,3.768,1.408,2.956
6,7rfb_A0-B0,ABB2_ensemble_rank2,3.434,1.408,2.722
7,7rfb_A0-B0,ABB2_ensemble_rank3,2.204,1.408,1.890
8,7rfb_A0-B0,AF2_ensemble_rank0,3.930,1.408,3.070
9,7rfb_A0-B0,AF2_ensemble_rank1,4.972,1.408,3.816
10,7rfb_A0-B0,AF2_ensemble_rank2,4.243,1.408,3.293
11,7rfb_A0-B0,AF2_ensemble_rank3,4.909,1.408,3.770
12,7rfb_A0-B0,AF2_ensemble_rank4,4.872,1.408,3.744
13,7rfb_A0-B0,IG_ensemble_rank0,2.799,1.408,2.285
14,7rfb_A0-B0,IG_ensemble_rank1,2.435,1.408,2.041
15,7rfb_A0-B0,IG_ensemble_rank2,2.421,1.408,2.032
16,7rfb_A0-B0,IG_ensemble_rank3,2.323,1.408,1.968
17,7ps1_A0-B0,IgFold,1.288,0.410,0.969
18,7ps1_A0-B0,ABodyBuilder2,0.822,0.410,0.656
19,7ps1_A0-B0,AF2,1.525,0.410,1.134
20,7ps1_A0-B0,ABlooper,2.086,0.410,1.528
21,7ps1_A0-B0,ABB2_ensemble_rank0,0.822,0.410,0.656
22,7ps1_A0-B0,ABB2_ensemble_rank1,1.050,0.410,0.808
23,7ps1_A0-B0,ABB2_ensemble_rank2,0.752,0.410,0.612
24,7ps1_A0-B0,ABB2_ensemble_rank3,0.777,0.410,0.627
25,7ps1_A0-B0,AF2_ensemble_rank0,1.525,0.410,1.134
26,7ps1_A0-B0,AF2_ensemble_rank1,1.225,0.410,0.926
27,7ps1_A0-B0,AF2_ensemble_rank2,1.823,0.410,1.342
28,7ps1_A0-B0,AF2_ensemble_rank3,1.572,0.410,1.167
29,7ps1_A0-B0,AF2_ensemble_rank4,1.668,0.410,1.234
30,7ps1_A0-B0,IG_ensemble_rank0,1.288,0.410,0.969
31,7ps1_A0-B0,IG_ensemble_rank1,1.360,0.410,1.019
32,7ps1_A0-B0,IG_ensemble_rank2,1.454,0.410,1.084
33,7ps1_A0-B0,IG_ensemble_rank3,1.387,0.410,1.038
34,7kql_H0-L0,IgFold,1.730,2.496,2.155
35,7kql_H0-L0,ABodyBuilder2,1.740,2.496,2.159
36,7kql_H0-L0,AF2,1.089,2.496,1.939
37,7kql_H0-L0,ABlooper,1.810,2.496,2.187
38,7kql_H0-L0,ABB2_ensemble_rank0,1.740,2.496,2.159
39,7kql_H0-L0,ABB2_ensemble_rank1,1.678,2.496,2.135
40,7kql_H0-L0,ABB2_ensemble_rank2,1.686,2.496,2.138
41,7kql_H0-L0,ABB2_ensemble_rank3,2.009,2.496,2.271
42,7kql_H0-L0,AF2_ensemble_rank0,1.089,2.496,1.939
43,7kql_H0-L0,AF2_ensemble_rank1,1.296,2.496,2.001
44,7kql_H0-L0,AF2_ensemble_rank2,1.234,2.496,1.981
45,7kql_H0-L0,AF2_ensemble_rank3,1.398,2.496,2.034
46,7kql_H0-L0,AF2_ensemble_rank4,1.443,2.496,2.049
47,7kql_H0-L0,IG_ensemble_rank0,1.730,2.496,2.155
48,7kql_H0-L0,IG_ensemble_rank1,1.664,2.496,2.130
49,7kql_H0-L0,IG_ensemble_rank2,1.557,2.496,2.090
50,7kql_H0-L0,IG_ensemble_rank3,1.510,2.496,2.073
51,7si0_I0-J0,IgFold,1.747,0.525,1.260
52,7si0_I0-J0,ABodyBuilder2,1.698,0.525,1.228
53,7si0_I0-J0,AF2,1.354,0.525,1.006
54,7si0_I0-J0,ABlooper,1.762,0.525,1.270
55,7si0_I0-J0,ABB2_ensemble_rank0,1.698,0.525,1.228
56,7si0_I0-J0,ABB2_ensemble_rank1,1.712,0.525,1.237
57,7si0_I0-J0,ABB2_ensemble_rank2,1.761,0.525,1.269
58,7si0_I0-J0,ABB2_ensemble_rank3,1.646,0.525,1.194
59,7si0_I0-J0,AF2_ensemble_rank0,1.354,0.525,1.006
60,7si0_I0-J0,AF2_ensemble_rank1,1.818,0.525,1.306
61,7si0_I0-J0,AF2_ensemble_rank2,1.524,0.525,1.115
62,7si0_I0-J0,AF2_ensemble_rank3,1.786,0.525,1.285
63,7si0_I0-J0,AF2_ensemble_rank4,1.364,0.525,1.012
64,7si0_I0-J0,IG_ensemble_rank0,1.747,0.525,1.260
65,7si0_I0-J0,IG_ensemble_rank1,1.754,0.525,1.264
66,7si0_I0-J0,IG_ensemble_rank2,1.698,0.525,1.227
67,7si0_I0-J0,IG_ensemble_rank3,1.801,0.525,1.295
68,7q0i_H0-L0,IgFold,2.225,4.087,3.218
69,7q0i_H0-L0,ABodyBuilder2,2.108,4.087,3.175
70,7q0i_H0-L0,AF2,1.399,4.087,2.956
71,7q0i_H0-L0,ABlooper,2.946,4.087,3.517
72,7q0i_H0-L0,ABB2_ensemble_rank0,2.108,4.087,3.175
73,7q0i_H0-L0,ABB2_ensemble_rank1,2.502,4.087,3.326
74,7q0i_H0-L0,ABB2_ensemble_rank2,2.289,4.087,3.242
75,7q0i_H0-L0,ABB2_ensemble_rank3,3.186,4.087,3.628
76,7q0i_H0-L0,AF2_ensemble_rank0,1.399,4.087,2.956
77,7q0i_H0-L0,AF2_ensemble_rank1,1.424,4.087,2.963
78,7q0i_H0-L0,AF2_ensemble_rank2,1.412,4.087,2.960
79,7q0i_H0-L0,AF2_ensemble_rank3,3.244,4.087,3.656
80,7q0i_H0-L0,AF2_ensemble_rank4,1.168,4.087,2.902
81,7q0i_H0-L0,IG_ensemble_rank0,2.225,4.087,3.218
82,7q0i_H0-L0,IG_ensemble_rank1,2.200,4.087,3.209
83,7q0i_H0-L0,IG_ensemble_rank2,2.350,4.087,3.266
84,7q0i_H0-L0,IG_ensemble_rank3,2.116,4.087,3.178
85,7mzi_H0-L0,IgFold,1.014,0.738,0.906
86,7mzi_H0-L0,ABodyBuilder2,1.095,0.738,0.959
87,7mzi_H0-L0,AF2,0.665,0.738,0.697
88,7mzi_H0-L0,ABlooper,1.615,0.738,1.313
89,7mzi_H0-L0,ABB2_ensemble_rank0,1.095,0.738,0.959
90,7mzi_H0-L0,ABB2_ensemble_rank1,0.865,0.738,0.813
91,7mzi_H0-L0,ABB2_ensemble_rank2,0.998,0.738,0.896
92,7mzi_H0-L0,ABB2_ensemble_rank3,0.956,0.738,0.869
93,7mzi_H0-L0,AF2_ensemble_rank0,0.665,0.738,0.697
94,7mzi_H0-L0,AF2_ensemble_rank1,0.653,0.738,0.691
95,7mzi_H0-L0,AF2_ensemble_rank2,0.630,0.738,0.678
96,7mzi_H0-L0,AF2_ensemble_rank3,0.619,0.738,0.673
97,7mzi_H0-L0,AF2_ensemble_rank4,0.641,0.738,0.684
98,7mzi_H0-L0,IG_ensemble_rank0,1.014,0.738,0.906
99,7mzi_H0-L0,IG_ensemble_rank1,1.016,0.738,0.907
100,7mzi_H0-L0,IG_ensemble_rank2,1.057,0.738,0.934
101,7mzi_H0-L0,IG_ensemble_rank3,0.989,0.738,0.890
102,7k9j_H0-L0,IgFold,1.464,0.525,1.156
103,7k9j_H0-L0,ABodyBuilder2,1.121,0.525,0.912
104,7k9j_H0-L0,AF2,0.915,0.525,0.771
105,7k9j_H0-L0,ABlooper,2.060,0.525,1.590
106,7k9j_H0-L0,ABB2_ensemble_rank0,1.121,0.525,0.912
107,7k9j_H0-L0,ABB2_ensemble_rank1,1.443,0.525,1.141
108,7k9j_H0-L0,ABB2_ensemble_rank2,1.672,0.525,1.306
109,7k9j_H0-L0,ABB2_ensemble_rank3,2.073,0.525,1.599
110,7k9j_H0-L0,AF2_ensemble_rank0,0.915,0.525,0.771
111,7k9j_H0-L0,AF2_ensemble_rank1,0.898,0.525,0.760
112,7k9j_H0-L0,AF2_ensemble_rank2,0.915,0.525,0.771
113,7k9j_H0-L0,AF2_ensemble_rank3,0.892,0.525,0.756
114,7k9j_H0-L0,AF2_ensemble_rank4,0.884,0.525,0.750
115,7k9j_H0-L0,IG_ensemble_rank0,1.464,0.525,1.156
116,7k9j_H0-L0,IG_ensemble_rank1,1.355,0.525,1.078
117,7k9j_H0-L0,IG_ensemble_rank2,1.286,0.525,1.029
118,7k9j_H0-L0,IG_ensemble_rank3,1.412,0.525,1.118
119,7rah_B0-A0,IgFold,0.714,1.127,0.939
120,7rah_B0-A0,ABodyBuilder2,0.561,1.127,0.885
121,7rah_B0-A0,AF2,0.729,1.127,0.945
122,7rah_B0-A0,ABlooper,1.644,1.127,1.415
123,7rah_B0-A0,ABB2_ensemble_rank0,0.561,1.127,0.885
124,7rah_B0-A0,ABB2_ensemble_rank1,0.706,1.127,0.936
125,7rah_B0-A0,ABB2_ensemble_rank2,0.717,1.127,0.940
126,7rah_B0-A0,ABB2_ensemble_rank3,0.898,1.127,1.017
127,7rah_B0-A0,AF2_ensemble_rank0,0.729,1.127,0.945
128,7rah_B0-A0,AF2_ensemble_rank1,0.753,1.127,0.955
129,7rah_B0-A0,AF2_ensemble_rank2,0.594,1.127,0.895
130,7rah_B0-A0,AF2_ensemble_rank3,0.729,1.127,0.945
131,7rah_B0-A0,AF2_ensemble_rank4,0.765,1.127,0.959
132,7rah_B0-A0,IG_ensemble_rank0,0.714,1.127,0.939
133,7rah_B0-A0,IG_ensemble_rank1,0.828,1.127,0.986
134,7rah_B0-A0,IG_ensemble_rank2,0.787,1.127,0.968
135,7rah_B0-A0,IG_ensemble_rank3,1.044,1.127,1.085
136,7lr3_H0-L0,IgFold,1.111,1.089,1.100
137,7lr3_H0-L0,ABodyBuilder2,0.810,1.089,0.952
138,7lr3_H0-L0,AF2,0.779,1.089,0.938
139,7lr3_H0-L0,ABlooper,1.545,1.089,1.349
140,7lr3_H0-L0,ABB2_ensemble_rank0,0.810,1.089,0.952
141,7lr3_H0-L0,ABB2_ensemble_rank1,0.862,1.089,0.976
142,7lr3_H0-L0,ABB2_ensemble_rank2,1.050,1.089,1.068
143,7lr3_H0-L0,ABB2_ensemble_rank3,0.790,1.089,0.943
144,7lr3_H0-L0,AF2_ensemble_rank0,0.779,1.089,0.938
145,7lr3_H0-L0,AF2_ensemble_rank1,0.838,1.089,0.964
146,7lr3_H0-L0,AF2_ensemble_rank2,0.757,1.089,0.928
147,7lr3_H0-L0,AF2_ensemble_rank3,0.773,1.089,0.936
148,7lr3_H0-L0,AF2_ensemble_rank4,0.825,1.089,0.959
149,7lr3_H0-L0,IG_ensemble_rank0,1.111,1.089,1.100
150,7lr3_H0-L0,IG_ensemble_rank1,1.130,1.089,1.111
151,7lr3_H0-L0,IG_ensemble_rank2,1.097,1.089,1.093
152,7lr3_H0-L0,IG_ensemble_rank3,1.066,1.089,1.077
153,7qu2_A0-B0,IgFold,1.902,0.410,1.467
154,7qu2_A0-B0,ABodyBuilder2,1.480,0.410,1.154
155,7qu2_A0-B0,AF2,2.210,0.410,1.697
156,7qu2_A0-B0,ABlooper,2.705,0.410,2.068
157,7qu2_A0-B0,ABB2_ensemble_rank0,1.480,0.410,1.154
158,7qu2_A0-B0,ABB2_ensemble_rank1,2.285,0.410,1.753
159,7qu2_A0-B0,ABB2_ensemble_rank2,1.761,0.410,1.362
160,7qu2_A0-B0,ABB2_ensemble_rank3,1.933,0.410,1.490
161,7qu2_A0-B0,AF2_ensemble_rank0,2.210,0.410,1.697
162,7qu2_A0-B0,AF2_ensemble_rank1,1.242,0.410,0.979
163,7qu2_A0-B0,AF2_ensemble_rank2,2.077,0.410,1.598
164,7qu2_A0-B0,AF2_ensemble_rank3,2.049,0.410,1.577
165,7qu2_A0-B0,AF2_ensemble_rank4,1.779,0.410,1.376
166,7qu2_A0-B0,IG_ensemble_rank0,1.902,0.410,1.467
167,7qu2_A0-B0,IG_ensemble_rank1,1.894,0.410,1.461
168,7qu2_A0-B0,IG_ensemble_rank2,2.192,0.410,1.684
169,7qu2_A0-B0,IG_ensemble_rank3,2.015,0.410,1.551
170,7mzm_H0-L0,IgFold,4.347,0.690,3.112
171,7mzm_H0-L0,ABodyBuilder2,4.695,0.690,3.355
172,7mzm_H0-L0,AF2,2.605,0.690,1.906
173,7mzm_H0-L0,ABlooper,2.708,0.690,1.976
174,7mzm_H0-L0,ABB2_ensemble_rank0,4.695,0.690,3.355
175,7mzm_H0-L0,ABB2_ensemble_rank1,4.723,0.690,3.375
176,7mzm_H0-L0,ABB2_ensemble_rank2,3.678,0.690,2.646
177,7mzm_H0-L0,ABB2_ensemble_rank3,6.417,0.690,4.564
178,7mzm_H0-L0,AF2_ensemble_rank0,2.605,0.690,1.906
179,7mzm_H0-L0,AF2_ensemble_rank1,2.417,0.690,1.778
180,7mzm_H0-L0,AF2_ensemble_rank2,2.507,0.690,1.839
181,7mzm_H0-L0,AF2_ensemble_rank3,2.582,0.690,1.890
182,7mzm_H0-L0,AF2_ensemble_rank4,2.376,0.690,1.749
183,7mzm_H0-L0,IG_ensemble_rank0,4.347,0.690,3.112
184,7mzm_H0-L0,IG_ensemble_rank1,4.981,0.690,3.556
185,7mzm_H0-L0,IG_ensemble_rank2,3.821,0.690,2.746
186,7mzm_H0-L0,IG_ensemble_rank3,4.611,0.690,3.297
187,7kyo_H0-L0,IgFold,2.998,0.492,2.148
188,7kyo_H0-L0,ABodyBuilder2,1.432,0.492,1.071
189,7kyo_H0-L0,AF2,2.842,0.492,2.040
190,7kyo_H0-L0,ABlooper,3.620,0.492,2.583
191,7kyo_H0-L0,ABB2_ensemble_rank0,1.432,0.492,1.071
192,7kyo_H0-L0,ABB2_ensemble_rank1,1.895,0.492,1.384
193,7kyo_H0-L0,ABB2_ensemble_rank2,2.132,0.492,1.547
194,7kyo_H0-L0,ABB2_ensemble_rank3,1.344,0.492,1.012
195,7kyo_H0-L0,AF2_ensemble_rank0,2.842,0.492,2.040
196,7kyo_H0-L0,AF2_ensemble_rank1,2.929,0.492,2.100
197,7kyo_H0-L0,AF2_ensemble_rank2,2.895,0.492,2.076
198,7kyo_H0-L0,AF2_ensemble_rank3,2.851,0.492,2.046
199,7kyo_H0-L0,AF2_ensemble_rank4,2.780,0.492,1.997
200,7kyo_H0-L0,IG_ensemble_rank0,2.998,0.492,2.148
201,7kyo_H0-L0,IG_ensemble_rank1,2.626,0.492,1.889
202,7kyo_H0-L0,IG_ensemble_rank2,2.959,0.492,2.121
203,7kyo_H0-L0,IG_ensemble_rank3,2.773,0.492,1.991
204,7b0b_H0-L0,IgFold,1.501,0.615,1.221
205,7b0b_H0-L0,ABodyBuilder2,0.574,0.615,0.591
206,7b0b_H0-L0,AF2,1.460,0.615,1.192
207,7b0b_H0-L0,ABlooper,2.084,0.615,1.653
208,7b0b_H0-L0,ABB2_ensemble_rank0,0.574,0.615,0.591
209,7b0b_H0-L0,ABB2_ensemble_rank1,0.764,0.615,0.707
210,7b0b_H0-L0,ABB2_ensemble_rank2,0.935,0.615,0.820
211,7b0b_H0-L0,ABB2_ensemble_rank3,0.420,0.615,0.508
212,7b0b_H0-L0,AF2_ensemble_rank0,1.460,0.615,1.192
213,7b0b_H0-L0,AF2_ensemble_rank1,2.109,0.615,1.672
214,7b0b_H0-L0,AF2_ensemble_rank2,1.959,0.615,1.560
215,7b0b_H0-L0,AF2_ensemble_rank3,1.923,0.615,1.533
216,7b0b_H0-L0,AF2_ensemble_rank4,1.342,0.615,1.106
217,7b0b_H0-L0,IG_ensemble_rank0,1.501,0.615,1.221
218,7b0b_H0-L0,IG_ensemble_rank1,1.720,0.615,1.382
219,7b0b_H0-L0,IG_ensemble_rank2,1.807,0.615,1.447
220,7b0b_H0-L0,IG_ensemble_rank3,2.106,0.615,1.670
221,7qny_A0-B0,IgFold,2.804,1.017,2.184
222,7qny_A0-B0,ABodyBuilder2,3.221,1.017,2.479
223,7qny_A0-B0,AF2,3.060,1.017,2.364
224,7qny_A0-B0,ABlooper,2.694,1.017,2.107
225,7qny_A0-B0,ABB2_ensemble_rank0,3.221,1.017,2.479
226,7qny_A0-B0,ABB2_ensemble_rank1,2.953,1.017,2.289
227,7qny_A0-B0,ABB2_ensemble_rank2,2.474,1.017,1.954
228,7qny_A0-B0,ABB2_ensemble_rank3,3.667,1.017,2.797
229,7qny_A0-B0,AF2_ensemble_rank0,3.060,1.017,2.364
230,7qny_A0-B0,AF2_ensemble_rank1,3.043,1.017,2.353
231,7qny_A0-B0,AF2_ensemble_rank2,3.008,1.017,2.328
232,7qny_A0-B0,AF2_ensemble_rank3,2.996,1.017,2.319
233,7qny_A0-B0,AF2_ensemble_rank4,2.966,1.017,2.298
234,7qny_A0-B0,IG_ensemble_rank0,2.804,1.017,2.184
235,7qny_A0-B0,IG_ensemble_rank1,2.949,1.017,2.286
236,7qny_A0-B0,IG_ensemble_rank2,2.652,1.017,2.078
237,7qny_A0-B0,IG_ensemble_rank3,2.872,1.017,2.232
238,7n4i_H0-L0,IgFold,1.289,0.971,1.154
239,7n4i_H0-L0,ABodyBuilder2,2.793,0.971,2.158
240,7n4i_H0-L0,AF2,1.880,0.971,1.532
241,7n4i_H0-L0,ABlooper,2.532,0.971,1.976
242,7n4i_H0-L0,ABB2_ensemble_rank0,2.793,0.971,2.158
243,7n4i_H0-L0,ABB2_ensemble_rank1,2.747,0.971,2.126
244,7n4i_H0-L0,ABB2_ensemble_rank2,2.100,0.971,1.680
245,7n4i_H0-L0,ABB2_ensemble_rank3,2.032,0.971,1.634
246,7n4i_H0-L0,AF2_ensemble_rank0,1.880,0.971,1.532
247,7n4i_H0-L0,AF2_ensemble_rank1,1.860,0.971,1.519
248,7n4i_H0-L0,AF2_ensemble_rank2,1.879,0.971,1.531
249,7n4i_H0-L0,AF2_ensemble_rank3,1.884,0.971,1.534
250,7n4i_H0-L0,AF2_ensemble_rank4,1.876,0.971,1.529
251,7n4i_H0-L0,IG_ensemble_rank0,1.289,0.971,1.154
252,7n4i_H0-L0,IG_ensemble_rank1,1.439,0.971,1.247
253,7n4i_H0-L0,IG_ensemble_rank2,1.377,0.971,1.208
254,7n4i_H0-L0,IG_ensemble_rank3,1.205,0.971,1.104
255,7k7h_H0-L0,IgFold,1.293,1.241,1.267
256,7k7h_H0-L0,ABodyBuilder2,0.891,1.241,1.080
257,7k7h_H0-L0,AF2,1.238,1.241,1.240
258,7k7h_H0-L0,ABlooper,1.479,1.241,1.365
259,7k7h_H0-L0,ABB2_ensemble_rank0,0.891,1.241,1.080
260,7k7h_H0-L0,ABB2_ensemble_rank1,0.723,1.241,1.016
261,7k7h_H0-L0,ABB2_ensemble_rank2,0.923,1.241,1.094
262,7k7h_H0-L0,ABB2_ensemble_rank3,1.116,1.241,1.180
263,7k7h_H0-L0,AF2_ensemble_rank0,1.238,1.241,1.240
264,7k7h_H0-L0,AF2_ensemble_rank1,1.284,1.241,1.263
265,7k7h_H0-L0,AF2_ensemble_rank2,1.285,1.241,1.263
266,7k7h_H0-L0,AF2_ensemble_rank3,1.257,1.241,1.249
267,7k7h_H0-L0,AF2_ensemble_rank4,1.258,1.241,1.250
268,7k7h_H0-L0,IG_ensemble_rank0,1.293,1.241,1.267
269,7k7h_H0-L0,IG_ensemble_rank1,1.280,1.241,1.261
270,7k7h_H0-L0,IG_ensemble_rank2,1.269,1.241,1.255
271,7k7h_H0-L0,IG_ensemble_rank3,1.219,1.241,1.230
272,7msq_D0-E0,IgFold,5.747,0.749,3.872
273,7msq_D0-E0,ABodyBuilder2,5.307,0.749,3.582
274,7msq_D0-E0,AF2,5.777,0.749,3.891
275,7msq_D0-E0,ABlooper,4.156,0.749,2.826
276,7msq_D0-E0,ABB2_ensemble_rank0,5.307,0.749,3.582
277,7msq_D0-E0,ABB2_ensemble_rank1,6.484,0.749,4.359
278,7msq_D0-E0,ABB2_ensemble_rank2,6.541,0.749,4.396
279,7msq_D0-E0,ABB2_ensemble_rank3,6.288,0.749,4.229
280,7msq_D0-E0,AF2_ensemble_rank0,5.777,0.749,3.891
281,7msq_D0-E0,AF2_ensemble_rank1,6.025,0.749,4.055
282,7msq_D0-E0,AF2_ensemble_rank2,5.971,0.749,4.020
283,7msq_D0-E0,AF2_ensemble_rank3,5.665,0.749,3.818
284,7msq_D0-E0,AF2_ensemble_rank4,6.368,0.749,4.282
285,7msq_D0-E0,IG_ensemble_rank0,5.747,0.749,3.872
286,7msq_D0-E0,IG_ensemble_rank1,5.853,0.749,3.942
287,7msq_D0-E0,IG_ensemble_rank2,5.612,0.749,3.783
288,7msq_D0-E0,IG_ensemble_rank3,5.935,0.749,3.996
289,7ps2_A0-B0,IgFold,3.292,0.406,2.321
290,7ps2_A0-B0,ABodyBuilder2,3.385,0.406,2.385
291,7ps2_A0-B0,AF2,3.562,0.406,2.508
292,7ps2_A0-B0,ABlooper,3.595,0.406,2.532
293,7ps2_A0-B0,ABB2_ensemble_rank0,3.385,0.406,2.385
294,7ps2_A0-B0,ABB2_ensemble_rank1,2.972,0.406,2.099
295,7ps2_A0-B0,ABB2_ensemble_rank2,3.518,0.406,2.478
296,7ps2_A0-B0,ABB2_ensemble_rank3,3.685,0.406,2.594
297,7ps2_A0-B0,AF2_ensemble_rank0,3.562,0.406,2.508
298,7ps2_A0-B0,AF2_ensemble_rank1,3.474,0.406,2.447
299,7ps2_A0-B0,AF2_ensemble_rank2,3.663,0.406,2.579
300,7ps2_A0-B0,AF2_ensemble_rank3,3.379,0.406,2.382
301,7ps2_A0-B0,AF2_ensemble_rank4,3.497,0.406,2.463
302,7ps2_A0-B0,IG_ensemble_rank0,3.292,0.406,2.321
303,7ps2_A0-B0,IG_ensemble_rank1,3.088,0.406,2.179
304,7ps2_A0-B0,IG_ensemble_rank2,3.213,0.406,2.266
305,7ps2_A0-B0,IG_ensemble_rank3,3.447,0.406,2.429
306,7s0b_A0-B0,IgFold,2.175,0.427,1.632
307,7s0b_A0-B0,ABodyBuilder2,1.727,0.427,1.308
308,7s0b_A0-B0,AF2,2.080,0.427,1.563
309,7s0b_A0-B0,ABlooper,2.038,0.427,1.533
310,7s0b_A0-B0,ABB2_ensemble_rank0,1.727,0.427,1.308
311,7s0b_A0-B0,ABB2_ensemble_rank1,1.708,0.427,1.294
312,7s0b_A0-B0,ABB2_ensemble_rank2,1.987,0.427,1.495
313,7s0b_A0-B0,ABB2_ensemble_rank3,1.127,0.427,0.881
314,7s0b_A0-B0,AF2_ensemble_rank0,2.080,0.427,1.563
315,7s0b_A0-B0,AF2_ensemble_rank1,2.146,0.427,1.611
316,7s0b_A0-B0,AF2_ensemble_rank2,2.162,0.427,1.623
317,7s0b_A0-B0,AF2_ensemble_rank3,2.706,0.427,2.019
318,7s0b_A0-B0,AF2_ensemble_rank4,1.521,0.427,1.160
319,7s0b_A0-B0,IG_ensemble_rank0,2.175,0.427,1.632
320,7s0b_A0-B0,IG_ensemble_rank1,2.166,0.427,1.626
321,7s0b_A0-B0,IG_ensemble_rank2,2.470,0.427,1.847
322,7s0b_A0-B0,IG_ensemble_rank3,2.444,0.427,1.828
323,7bbg_H0-L0,IgFold,1.775,0.528,1.335
324,7bbg_H0-L0,ABodyBuilder2,1.872,0.528,1.403
325,7bbg_H0-L0,AF2,2.398,0.528,1.773
326,7bbg_H0-L0,ABlooper,2.418,0.528,1.787
327,7bbg_H0-L0,ABB2_ensemble_rank0,1.872,0.528,1.403
328,7bbg_H0-L0,ABB2_ensemble_rank1,1.880,0.528,1.409
329,7bbg_H0-L0,ABB2_ensemble_rank2,2.491,0.528,1.839
330,7bbg_H0-L0,ABB2_ensemble_rank3,2.267,0.528,1.680
331,7bbg_H0-L0,AF2_ensemble_rank0,2.398,0.528,1.773
332,7bbg_H0-L0,AF2_ensemble_rank1,2.351,0.528,1.740
333,7bbg_H0-L0,AF2_ensemble_rank2,2.341,0.528,1.733
334,7bbg_H0-L0,AF2_ensemble_rank3,2.408,0.528,1.781
335,7bbg_H0-L0,AF2_ensemble_rank4,2.335,0.528,1.729
336,7bbg_H0-L0,IG_ensemble_rank0,1.775,0.528,1.335
337,7bbg_H0-L0,IG_ensemble_rank1,1.826,0.528,1.371
338,7bbg_H0-L0,IG_ensemble_rank2,1.788,0.528,1.344
339,7bbg_H0-L0,IG_ensemble_rank3,1.700,0.528,1.283
340,7r8l_H0-L0,IgFold,1.432,0.515,1.096
341,7r8l_H0-L0,ABodyBuilder2,0.735,0.515,0.639
342,7r8l_H0-L0,AF2,1.358,0.515,1.045
343,7r8l_H0-L0,ABlooper,2.175,0.515,1.614
344,7r8l_H0-L0,ABB2_ensemble_rank0,0.735,0.515,0.639
345,7r8l_H0-L0,ABB2_ensemble_rank1,0.821,0.515,0.692
346,7r8l_H0-L0,ABB2_ensemble_rank2,0.913,0.515,0.750
347,7r8l_H0-L0,ABB2_ensemble_rank3,1.003,0.515,0.808
348,7r8l_H0-L0,AF2_ensemble_rank0,1.358,0.515,1.045
349,7r8l_H0-L0,AF2_ensemble_rank1,1.689,0.515,1.273
350,7r8l_H0-L0,AF2_ensemble_rank2,1.505,0.515,1.145
351,7r8l_H0-L0,AF2_ensemble_rank3,1.594,0.515,1.207
352,7r8l_H0-L0,AF2_ensemble_rank4,1.590,0.515,1.204
353,7r8l_H0-L0,IG_ensemble_rank0,1.432,0.515,1.096
354,7r8l_H0-L0,IG_ensemble_rank1,1.389,0.515,1.066
355,7r8l_H0-L0,IG_ensemble_rank2,1.408,0.515,1.079
356,7r8l_H0-L0,IG_ensemble_rank3,1.421,0.515,1.088
357,7mzh_H0-L0,IgFold,0.616,1.490,1.037
358,7mzh_H0-L0,ABodyBuilder2,0.909,1.490,1.163
359,7mzh_H0-L0,AF2,0.480,1.490,0.991
360,7mzh_H0-L0,ABlooper,1.658,1.490,1.596
361,7mzh_H0-L0,ABB2_ensemble_rank0,0.909,1.490,1.163
362,7mzh_H0-L0,ABB2_ensemble_rank1,0.905,1.490,1.161
363,7mzh_H0-L0,ABB2_ensemble_rank2,0.707,1.490,1.073
364,7mzh_H0-L0,ABB2_ensemble_rank3,0.731,1.490,1.082
365,7mzh_H0-L0,AF2_ensemble_rank0,0.480,1.490,0.991
366,7mzh_H0-L0,AF2_ensemble_rank1,0.685,1.490,1.064
367,7mzh_H0-L0,AF2_ensemble_rank2,0.369,1.490,0.961
368,7mzh_H0-L0,AF2_ensemble_rank3,0.696,1.490,1.068
369,7mzh_H0-L0,AF2_ensemble_rank4,0.371,1.490,0.962
370,7mzh_H0-L0,IG_ensemble_rank0,0.616,1.490,1.037
371,7mzh_H0-L0,IG_ensemble_rank1,0.696,1.490,1.068
372,7mzh_H0-L0,IG_ensemble_rank2,0.759,1.490,1.094
373,7mzh_H0-L0,IG_ensemble_rank3,0.725,1.490,1.080
374,7nx3_B0-C0,IgFold,2.246,2.574,2.404
375,7nx3_B0-C0,ABodyBuilder2,2.226,2.574,2.394
376,7nx3_B0-C0,AF2,2.113,2.574,2.338
377,7nx3_B0-C0,ABlooper,2.866,2.574,2.735
378,7nx3_B0-C0,ABB2_ensemble_rank0,2.226,2.574,2.394
379,7nx3_B0-C0,ABB2_ensemble_rank1,2.285,2.574,2.423
380,7nx3_B0-C0,ABB2_ensemble_rank2,2.088,2.574,2.326
381,7nx3_B0-C0,ABB2_ensemble_rank3,3.057,2.574,2.844
382,7nx3_B0-C0,AF2_ensemble_rank0,2.113,2.574,2.338
383,7nx3_B0-C0,AF2_ensemble_rank1,1.965,2.574,2.268
384,7nx3_B0-C0,AF2_ensemble_rank2,2.149,2.574,2.356
385,7nx3_B0-C0,AF2_ensemble_rank3,1.945,2.574,2.258
386,7nx3_B0-C0,AF2_ensemble_rank4,2.011,2.574,2.289
387,7nx3_B0-C0,IG_ensemble_rank0,2.246,2.574,2.404
388,7nx3_B0-C0,IG_ensemble_rank1,2.552,2.574,2.563
389,7nx3_B0-C0,IG_ensemble_rank2,2.169,2.574,2.366
390,7nx3_B0-C0,IG_ensemble_rank3,2.211,2.574,2.386
391,7l7r_B0-A0,IgFold,1.712,0.600,1.283
392,7l7r_B0-A0,ABodyBuilder2,2.631,0.600,1.908
393,7l7r_B0-A0,AF2,0.689,0.600,0.646
394,7l7r_B0-A0,ABlooper,3.591,0.600,2.574
395,7l7r_B0-A0,ABB2_ensemble_rank0,2.631,0.600,1.908
396,7l7r_B0-A0,ABB2_ensemble_rank1,3.050,0.600,2.198
397,7l7r_B0-A0,ABB2_ensemble_rank2,3.681,0.600,2.637
398,7l7r_B0-A0,ABB2_ensemble_rank3,2.397,0.600,1.747
399,7l7r_B0-A0,AF2_ensemble_rank0,0.689,0.600,0.646
400,7l7r_B0-A0,AF2_ensemble_rank1,0.641,0.600,0.621
401,7l7r_B0-A0,AF2_ensemble_rank2,0.684,0.600,0.643
402,7l7r_B0-A0,AF2_ensemble_rank3,0.686,0.600,0.644
403,7l7r_B0-A0,AF2_ensemble_rank4,0.683,0.600,0.643
404,7l7r_B0-A0,IG_ensemble_rank0,1.712,0.600,1.283
405,7l7r_B0-A0,IG_ensemble_rank1,1.935,0.600,1.432
406,7l7r_B0-A0,IG_ensemble_rank2,1.844,0.600,1.372
407,7l7r_B0-A0,IG_ensemble_rank3,2.455,0.600,1.787
408,7q0g_A0-B0,IgFold,2.808,1.144,2.162
409,7q0g_A0-B0,ABodyBuilder2,3.385,1.144,2.550
410,7q0g_A0-B0,AF2,3.306,1.144,2.496
411,7q0g_A0-B0,ABlooper,3.708,1.144,2.770
412,7q0g_A0-B0,ABB2_ensemble_rank0,3.385,1.144,2.550
413,7q0g_A0-B0,ABB2_ensemble_rank1,3.609,1.144,2.702
414,7q0g_A0-B0,ABB2_ensemble_rank2,3.172,1.144,2.406
415,7q0g_A0-B0,ABB2_ensemble_rank3,3.636,1.144,2.720
416,7q0g_A0-B0,AF2_ensemble_rank0,3.306,1.144,2.496
417,7q0g_A0-B0,AF2_ensemble_rank1,3.297,1.144,2.490
418,7q0g_A0-B0,AF2_ensemble_rank2,3.364,1.144,2.535
419,7q0g_A0-B0,AF2_ensemble_rank3,3.327,1.144,2.510
420,7q0g_A0-B0,AF2_ensemble_rank4,3.300,1.144,2.492
421,7q0g_A0-B0,IG_ensemble_rank0,2.808,1.144,2.162
422,7q0g_A0-B0,IG_ensemble_rank1,3.015,1.144,2.300
423,7q0g_A0-B0,IG_ensemble_rank2,2.911,1.144,2.230
424,7q0g_A0-B0,IG_ensemble_rank3,3.004,1.144,2.293
425,7phu_B0-C0,IgFold,2.383,2.059,2.246
426,7phu_B0-C0,ABodyBuilder2,2.921,2.059,2.578
427,7phu_B0-C0,AF2,2.521,2.059,2.329
428,7phu_B0-C0,ABlooper,2.215,2.059,2.148
429,7phu_B0-C0,ABB2_ensemble_rank0,2.921,2.059,2.578
430,7phu_B0-C0,ABB2_ensemble_rank1,2.402,2.059,2.258
431,7phu_B0-C0,ABB2_ensemble_rank2,2.409,2.059,2.262
432,7phu_B0-C0,ABB2_ensemble_rank3,2.935,2.059,2.587
433,7phu_B0-C0,AF2_ensemble_rank0,2.521,2.059,2.329
434,7phu_B0-C0,AF2_ensemble_rank1,2.435,2.059,2.277
435,7phu_B0-C0,AF2_ensemble_rank2,2.528,2.059,2.334
436,7phu_B0-C0,AF2_ensemble_rank3,2.499,2.059,2.316
437,7phu_B0-C0,AF2_ensemble_rank4,2.457,2.059,2.291
438,7phu_B0-C0,IG_ensemble_rank0,2.383,2.059,2.246
439,7phu_B0-C0,IG_ensemble_rank1,2.743,2.059,2.465
440,7phu_B0-C0,IG_ensemble_rank2,2.821,2.059,2.515
441,7phu_B0-C0,IG_ensemble_rank3,2.471,2.059,2.299
442,7seg_H0-L0,IgFold,1.419,0.843,1.160
443,7seg_H0-L0,ABodyBuilder2,0.949,0.843,0.896
444,7seg_H0-L0,AF2,0.974,0.843,0.909
445,7seg_H0-L0,ABlooper,1.823,0.843,1.409
446,7seg_H0-L0,ABB2_ensemble_rank0,0.949,0.843,0.896
447,7seg_H0-L0,ABB2_ensemble_rank1,1.130,0.843,0.993
448,7seg_H0-L0,ABB2_ensemble_rank2,1.168,0.843,1.015
449,7seg_H0-L0,ABB2_ensemble_rank3,1.310,0.843,1.096
450,7seg_H0-L0,AF2_ensemble_rank0,0.974,0.843,0.909
451,7seg_H0-L0,AF2_ensemble_rank1,1.011,0.843,0.928
452,7seg_H0-L0,AF2_ensemble_rank2,1.045,0.843,0.947
453,7seg_H0-L0,AF2_ensemble_rank3,0.968,0.843,0.906
454,7seg_H0-L0,AF2_ensemble_rank4,1.053,0.843,0.951
455,7seg_H0-L0,IG_ensemble_rank0,1.419,0.843,1.160
456,7seg_H0-L0,IG_ensemble_rank1,1.357,0.843,1.123
457,7seg_H0-L0,IG_ensemble_rank2,1.365,0.843,1.128
458,7seg_H0-L0,IG_ensemble_rank3,1.268,0.843,1.072
459,7s4s_H0-L0,IgFold,1.412,0.599,1.071
460,7s4s_H0-L0,ABodyBuilder2,1.622,0.599,1.206
461,7s4s_H0-L0,AF2,1.592,0.599,1.187
462,7s4s_H0-L0,ABlooper,2.247,0.599,1.619
463,7s4s_H0-L0,ABB2_ensemble_rank0,1.622,0.599,1.206
464,7s4s_H0-L0,ABB2_ensemble_rank1,1.069,0.599,0.858
465,7s4s_H0-L0,ABB2_ensemble_rank2,1.164,0.599,0.916
466,7s4s_H0-L0,ABB2_ensemble_rank3,1.379,0.599,1.050
467,7s4s_H0-L0,AF2_ensemble_rank0,1.592,0.599,1.187
468,7s4s_H0-L0,AF2_ensemble_rank1,1.564,0.599,1.169
469,7s4s_H0-L0,AF2_ensemble_rank2,1.536,0.599,1.150
470,7s4s_H0-L0,AF2_ensemble_rank3,1.599,0.599,1.191
471,7s4s_H0-L0,AF2_ensemble_rank4,1.562,0.599,1.167
472,7s4s_H0-L0,IG_ensemble_rank0,1.412,0.599,1.071
473,7s4s_H0-L0,IG_ensemble_rank1,1.449,0.599,1.095
474,7s4s_H0-L0,IG_ensemble_rank2,1.601,0.599,1.192
475,7s4s_H0-L0,IG_ensemble_rank3,1.589,0.599,1.185
476,7phw_B0-C0,IgFold,4.170,0.809,3.003
477,7phw_B0-C0,ABodyBuilder2,4.983,0.809,3.570
478,7phw_B0-C0,AF2,2.728,0.809,2.012
479,7phw_B0-C0,ABlooper,5.326,0.809,3.809
480,7phw_B0-C0,ABB2_ensemble_rank0,4.983,0.809,3.570
481,7phw_B0-C0,ABB2_ensemble_rank1,5.034,0.809,3.605
482,7phw_B0-C0,ABB2_ensemble_rank2,6.335,0.809,4.516
483,7phw_B0-C0,ABB2_ensemble_rank3,3.894,0.809,2.812
484,7phw_B0-C0,AF2_ensemble_rank0,2.728,0.809,2.012
485,7phw_B0-C0,AF2_ensemble_rank1,2.085,0.809,1.582
486,7phw_B0-C0,AF2_ensemble_rank2,2.629,0.809,1.945
487,7phw_B0-C0,AF2_ensemble_rank3,1.923,0.809,1.475
488,7phw_B0-C0,AF2_ensemble_rank4,2.585,0.809,1.915
489,7phw_B0-C0,IG_ensemble_rank0,4.170,0.809,3.003
490,7phw_B0-C0,IG_ensemble_rank1,3.789,0.809,2.739
491,7phw_B0-C0,IG_ensemble_rank2,3.509,0.809,2.547
492,7phw_B0-C0,IG_ensemble_rank3,4.361,0.809,3.136
493,7lr4_H0-L0,IgFold,2.353,0.958,1.815
494,7lr4_H0-L0,ABodyBuilder2,2.563,0.958,1.955
495,7lr4_H0-L0,AF2,2.189,0.958,1.706
496,7lr4_H0-L0,ABlooper,3.590,0.958,2.660
497,7lr4_H0-L0,ABB2_ensemble_rank0,2.563,0.958,1.955
498,7lr4_H0-L0,ABB2_ensemble_rank1,2.087,0.958,1.639
499,7lr4_H0-L0,ABB2_ensemble_rank2,2.655,0.958,2.018
500,7lr4_H0-L0,ABB2_ensemble_rank3,2.891,0.958,2.178
501,7lr4_H0-L0,AF2_ensemble_rank0,2.189,0.958,1.706
502,7lr4_H0-L0,AF2_ensemble_rank1,2.105,0.958,1.651
503,7lr4_H0-L0,AF2_ensemble_rank2,2.131,0.958,1.668
504,7lr4_H0-L0,AF2_ensemble_rank3,2.142,0.958,1.675
505,7lr4_H0-L0,AF2_ensemble_rank4,1.952,0.958,1.551
506,7lr4_H0-L0,IG_ensemble_rank0,2.353,0.958,1.815
507,7lr4_H0-L0,IG_ensemble_rank1,2.660,0.958,2.021
508,7lr4_H0-L0,IG_ensemble_rank2,2.892,0.958,2.179
509,7lr4_H0-L0,IG_ensemble_rank3,2.583,0.958,1.969
510,7l7d_H0-L0,IgFold,1.856,0.290,1.421
511,7l7d_H0-L0,ABodyBuilder2,0.416,0.290,0.368
512,7l7d_H0-L0,AF2,1.368,0.290,1.055
513,7l7d_H0-L0,ABlooper,1.938,0.290,1.482
514,7l7d_H0-L0,ABB2_ensemble_rank0,0.416,0.290,0.368
515,7l7d_H0-L0,ABB2_ensemble_rank1,0.329,0.290,0.313
516,7l7d_H0-L0,ABB2_ensemble_rank2,0.359,0.290,0.332
517,7l7d_H0-L0,ABB2_ensemble_rank3,0.503,0.290,0.426
518,7l7d_H0-L0,AF2_ensemble_rank0,1.368,0.290,1.055
519,7l7d_H0-L0,AF2_ensemble_rank1,1.396,0.290,1.076
520,7l7d_H0-L0,AF2_ensemble_rank2,1.371,0.290,1.057
521,7l7d_H0-L0,AF2_ensemble_rank3,1.498,0.290,1.152
522,7l7d_H0-L0,AF2_ensemble_rank4,1.709,0.290,1.311
523,7l7d_H0-L0,IG_ensemble_rank0,1.856,0.290,1.421
524,7l7d_H0-L0,IG_ensemble_rank1,1.952,0.290,1.493
525,7l7d_H0-L0,IG_ensemble_rank2,2.094,0.290,1.600
526,7l7d_H0-L0,IG_ensemble_rank3,2.104,0.290,1.607
527,7l0l_H0-L0,IgFold,2.845,0.671,1.846
528,7l0l_H0-L0,ABodyBuilder2,2.205,0.671,1.469
529,7l0l_H0-L0,AF2,1.965,0.671,1.331
530,7l0l_H0-L0,ABlooper,3.237,0.671,2.081
531,7l0l_H0-L0,ABB2_ensemble_rank0,2.205,0.671,1.469
532,7l0l_H0-L0,ABB2_ensemble_rank1,2.104,0.671,1.411
533,7l0l_H0-L0,ABB2_ensemble_rank2,2.682,0.671,1.749
534,7l0l_H0-L0,ABB2_ensemble_rank3,2.383,0.671,1.573
535,7l0l_H0-L0,AF2_ensemble_rank0,1.965,0.671,1.331
536,7l0l_H0-L0,AF2_ensemble_rank1,1.937,0.671,1.315
537,7l0l_H0-L0,AF2_ensemble_rank2,1.964,0.671,1.330
538,7l0l_H0-L0,AF2_ensemble_rank3,1.979,0.671,1.339
539,7l0l_H0-L0,AF2_ensemble_rank4,1.911,0.671,1.300
540,7l0l_H0-L0,IG_ensemble_rank0,2.845,0.671,1.846
541,7l0l_H0-L0,IG_ensemble_rank1,3.180,0.671,2.047
542,7l0l_H0-L0,IG_ensemble_rank2,3.249,0.671,2.089
543,7l0l_H0-L0,IG_ensemble_rank3,3.259,0.671,2.095
544,7mzj_H0-L0,IgFold,1.773,0.872,1.397
545,7mzj_H0-L0,ABodyBuilder2,1.896,0.872,1.476
546,7mzj_H0-L0,AF2,2.133,0.872,1.629
547,7mzj_H0-L0,ABlooper,2.332,0.872,1.760
548,7mzj_H0-L0,ABB2_ensemble_rank0,1.896,0.872,1.476
549,7mzj_H0-L0,ABB2_ensemble_rank1,2.788,0.872,2.065
550,7mzj_H0-L0,ABB2_ensemble_rank2,3.060,0.872,2.250
551,7mzj_H0-L0,ABB2_ensemble_rank3,1.789,0.872,1.408
552,7mzj_H0-L0,AF2_ensemble_rank0,2.133,0.872,1.629
553,7mzj_H0-L0,AF2_ensemble_rank1,2.052,0.872,1.577
554,7mzj_H0-L0,AF2_ensemble_rank2,2.052,0.872,1.577
555,7mzj_H0-L0,AF2_ensemble_rank3,2.336,0.872,1.763
556,7mzj_H0-L0,AF2_ensemble_rank4,1.920,0.872,1.491
557,7mzj_H0-L0,IG_ensemble_rank0,1.773,0.872,1.397
558,7mzj_H0-L0,IG_ensemble_rank1,1.691,0.872,1.345
559,7mzj_H0-L0,IG_ensemble_rank2,1.904,0.872,1.481
560,7mzj_H0-L0,IG_ensemble_rank3,1.327,0.872,1.123
561,7qu1_A0-B0,IgFold,1.690,0.628,1.376
562,7qu1_A0-B0,ABodyBuilder2,1.849,0.628,1.495
563,7qu1_A0-B0,AF2,1.284,0.628,1.076
564,7qu1_A0-B0,ABlooper,1.929,0.628,1.555
565,7qu1_A0-B0,ABB2_ensemble_rank0,1.849,0.628,1.495
566,7qu1_A0-B0,ABB2_ensemble_rank1,1.643,0.628,1.341
567,7qu1_A0-B0,ABB2_ensemble_rank2,1.631,0.628,1.332
568,7qu1_A0-B0,ABB2_ensemble_rank3,1.733,0.628,1.408
569,7qu1_A0-B0,AF2_ensemble_rank0,1.284,0.628,1.076
570,7qu1_A0-B0,AF2_ensemble_rank1,1.345,0.628,1.121
571,7qu1_A0-B0,AF2_ensemble_rank2,1.299,0.628,1.087
572,7qu1_A0-B0,AF2_ensemble_rank3,1.388,0.628,1.152
573,7qu1_A0-B0,AF2_ensemble_rank4,1.216,0.628,1.027
574,7qu1_A0-B0,IG_ensemble_rank0,1.690,0.628,1.376
575,7qu1_A0-B0,IG_ensemble_rank1,1.586,0.628,1.298
576,7qu1_A0-B0,IG_ensemble_rank2,1.906,0.628,1.538
577,7qu1_A0-B0,IG_ensemble_rank3,1.532,0.628,1.258
578,7e72_A0-B0,IgFold,0.805,0.767,0.788
579,7e72_A0-B0,ABodyBuilder2,1.057,0.767,0.933
580,7e72_A0-B0,AF2,0.568,0.767,0.668
581,7e72_A0-B0,ABlooper,1.747,0.767,1.381
582,7e72_A0-B0,ABB2_ensemble_rank0,1.057,0.767,0.933
583,7e72_A0-B0,ABB2_ensemble_rank1,1.198,0.767,1.020
584,7e72_A0-B0,ABB2_ensemble_rank2,1.853,0.767,1.452
585,7e72_A0-B0,ABB2_ensemble_rank3,0.876,0.767,0.827
586,7e72_A0-B0,AF2_ensemble_rank0,0.568,0.767,0.668
587,7e72_A0-B0,AF2_ensemble_rank1,0.601,0.767,0.683
588,7e72_A0-B0,AF2_ensemble_rank2,0.585,0.767,0.676
589,7e72_A0-B0,AF2_ensemble_rank3,0.599,0.767,0.682
590,7e72_A0-B0,AF2_ensemble_rank4,0.575,0.767,0.671
591,7e72_A0-B0,IG_ensemble_rank0,0.805,0.767,0.788
592,7e72_A0-B0,IG_ensemble_rank1,0.861,0.767,0.818
593,7e72_A0-B0,IG_ensemble_rank2,1.237,0.767,1.045
594,7e72_A0-B0,IG_ensemble_rank3,0.834,0.767,0.804
595,7daa_H0-L0,IgFold,1.724,3.162,2.547
596,7daa_H0-L0,ABodyBuilder2,1.314,3.162,2.421
597,7daa_H0-L0,AF2,0.449,3.162,2.258
598,7daa_H0-L0,ABlooper,2.102,3.162,2.685
599,7daa_H0-L0,ABB2_ensemble_rank0,1.314,3.162,2.421
600,7daa_H0-L0,ABB2_ensemble_rank1,1.438,3.162,2.456
601,7daa_H0-L0,ABB2_ensemble_rank2,1.566,3.162,2.495
602,7daa_H0-L0,ABB2_ensemble_rank3,1.320,3.162,2.423
603,7daa_H0-L0,AF2_ensemble_rank0,0.449,3.162,2.258
604,7daa_H0-L0,AF2_ensemble_rank1,1.285,3.162,2.414
605,7daa_H0-L0,AF2_ensemble_rank2,1.311,3.162,2.421
606,7daa_H0-L0,AF2_ensemble_rank3,1.112,3.162,2.370
607,7daa_H0-L0,AF2_ensemble_rank4,1.363,3.162,2.435
608,7daa_H0-L0,IG_ensemble_rank0,1.724,3.162,2.547
609,7daa_H0-L0,IG_ensemble_rank1,1.992,3.162,2.643
610,7daa_H0-L0,IG_ensemble_rank2,1.817,3.162,2.579
611,7daa_H0-L0,IG_ensemble_rank3,1.718,3.162,2.545
612,7np1_H0-L0,IgFold,2.971,0.473,2.169
613,7np1_H0-L0,ABodyBuilder2,3.620,0.473,2.633
614,7np1_H0-L0,AF2,2.837,0.473,2.074
615,7np1_H0-L0,ABlooper,3.330,0.473,2.425
616,7np1_H0-L0,ABB2_ensemble_rank0,3.620,0.473,2.633
617,7np1_H0-L0,ABB2_ensemble_rank1,3.296,0.473,2.401
618,7np1_H0-L0,ABB2_ensemble_rank2,3.163,0.473,2.306
619,7np1_H0-L0,ABB2_ensemble_rank3,2.981,0.473,2.176
620,7np1_H0-L0,AF2_ensemble_rank0,2.837,0.473,2.074
621,7np1_H0-L0,AF2_ensemble_rank1,2.819,0.473,2.061
622,7np1_H0-L0,AF2_ensemble_rank2,2.862,0.473,2.091
623,7np1_H0-L0,AF2_ensemble_rank3,2.852,0.473,2.084
624,7np1_H0-L0,AF2_ensemble_rank4,2.859,0.473,2.089
625,7np1_H0-L0,IG_ensemble_rank0,2.971,0.473,2.169
626,7np1_H0-L0,IG_ensemble_rank1,2.931,0.473,2.140
627,7np1_H0-L0,IG_ensemble_rank2,3.279,0.473,2.389
628,7np1_H0-L0,IG_ensemble_rank3,3.082,0.473,2.248
629,7n4j_H0-L0,IgFold,4.338,1.165,3.358
630,7n4j_H0-L0,ABodyBuilder2,3.294,1.165,2.598
631,7n4j_H0-L0,AF2,1.798,1.165,1.557
632,7n4j_H0-L0,ABlooper,3.180,1.165,2.517
633,7n4j_H0-L0,ABB2_ensemble_rank0,3.294,1.165,2.598
634,7n4j_H0-L0,ABB2_ensemble_rank1,3.331,1.165,2.625
635,7n4j_H0-L0,ABB2_ensemble_rank2,4.279,1.165,3.315
636,7n4j_H0-L0,ABB2_ensemble_rank3,3.190,1.165,2.523
637,7n4j_H0-L0,AF2_ensemble_rank0,1.798,1.165,1.557
638,7n4j_H0-L0,AF2_ensemble_rank1,2.279,1.165,1.881
639,7n4j_H0-L0,AF2_ensemble_rank2,3.937,1.165,3.064
640,7n4j_H0-L0,AF2_ensemble_rank3,2.353,1.165,1.932
641,7n4j_H0-L0,AF2_ensemble_rank4,2.255,1.165,1.864
642,7n4j_H0-L0,IG_ensemble_rank0,4.338,1.165,3.358
643,7n4j_H0-L0,IG_ensemble_rank1,4.314,1.165,3.341
644,7n4j_H0-L0,IG_ensemble_rank2,2.891,1.165,2.309
645,7n4j_H0-L0,IG_ensemble_rank3,3.511,1.165,2.755
646,7dk2_A0-B0,IgFold,3.667,0.777,2.691
647,7dk2_A0-B0,ABodyBuilder2,3.591,0.777,2.637
648,7dk2_A0-B0,AF2,3.143,0.777,2.323
649,7dk2_A0-B0,ABlooper,3.691,0.777,2.708
650,7dk2_A0-B0,ABB2_ensemble_rank0,3.591,0.777,2.637
651,7dk2_A0-B0,ABB2_ensemble_rank1,3.467,0.777,2.550
652,7dk2_A0-B0,ABB2_ensemble_rank2,3.770,0.777,2.763
653,7dk2_A0-B0,ABB2_ensemble_rank3,3.566,0.777,2.619
654,7dk2_A0-B0,AF2_ensemble_rank0,3.143,0.777,2.323
655,7dk2_A0-B0,AF2_ensemble_rank1,3.156,0.777,2.332
656,7dk2_A0-B0,AF2_ensemble_rank2,3.157,0.777,2.333
657,7dk2_A0-B0,AF2_ensemble_rank3,3.178,0.777,2.347
658,7dk2_A0-B0,AF2_ensemble_rank4,3.162,0.777,2.336
659,7dk2_A0-B0,IG_ensemble_rank0,3.667,0.777,2.691
660,7dk2_A0-B0,IG_ensemble_rank1,3.512,0.777,2.581
661,7dk2_A0-B0,IG_ensemble_rank2,3.572,0.777,2.623
662,7dk2_A0-B0,IG_ensemble_rank3,3.532,0.777,2.595
663,7pr0_H0-L0,IgFold,2.357,0.909,1.801
664,7pr0_H0-L0,ABodyBuilder2,2.403,0.909,1.832
665,7pr0_H0-L0,AF2,3.587,0.909,2.642
666,7pr0_H0-L0,ABlooper,3.622,0.909,2.666
667,7pr0_H0-L0,ABB2_ensemble_rank0,2.403,0.909,1.832
668,7pr0_H0-L0,ABB2_ensemble_rank1,2.661,0.909,2.006
669,7pr0_H0-L0,ABB2_ensemble_rank2,3.111,0.909,2.313
670,7pr0_H0-L0,ABB2_ensemble_rank3,1.840,0.909,1.461
671,7pr0_H0-L0,AF2_ensemble_rank0,3.587,0.909,2.642
672,7pr0_H0-L0,AF2_ensemble_rank1,3.595,0.909,2.647
673,7pr0_H0-L0,AF2_ensemble_rank2,3.573,0.909,2.633
674,7pr0_H0-L0,AF2_ensemble_rank3,3.547,0.909,2.614
675,7pr0_H0-L0,AF2_ensemble_rank4,3.573,0.909,2.633
676,7pr0_H0-L0,IG_ensemble_rank0,2.357,0.909,1.801
677,7pr0_H0-L0,IG_ensemble_rank1,2.713,0.909,2.041
678,7pr0_H0-L0,IG_ensemble_rank2,2.255,0.909,1.733
679,7pr0_H0-L0,IG_ensemble_rank3,2.090,0.909,1.624
680,7s13_H0-L0,IgFold,1.266,1.528,1.397
681,7s13_H0-L0,ABodyBuilder2,1.220,1.528,1.375
682,7s13_H0-L0,AF2,0.672,1.528,1.160
683,7s13_H0-L0,ABlooper,1.685,1.528,1.613
684,7s13_H0-L0,ABB2_ensemble_rank0,1.220,1.528,1.375
685,7s13_H0-L0,ABB2_ensemble_rank1,1.334,1.528,1.429
686,7s13_H0-L0,ABB2_ensemble_rank2,1.140,1.528,1.338
687,7s13_H0-L0,ABB2_ensemble_rank3,1.141,1.528,1.339
688,7s13_H0-L0,AF2_ensemble_rank0,0.672,1.528,1.160
689,7s13_H0-L0,AF2_ensemble_rank1,0.782,1.528,1.195
690,7s13_H0-L0,AF2_ensemble_rank2,0.772,1.528,1.192
691,7s13_H0-L0,AF2_ensemble_rank3,0.780,1.528,1.195
692,7s13_H0-L0,AF2_ensemble_rank4,0.776,1.528,1.193
693,7s13_H0-L0,IG_ensemble_rank0,1.266,1.528,1.397
694,7s13_H0-L0,IG_ensemble_rank1,1.322,1.528,1.424
695,7s13_H0-L0,IG_ensemble_rank2,1.110,1.528,1.325
696,7s13_H0-L0,IG_ensemble_rank3,1.318,1.528,1.421
697,7l7r_D0-C0,IgFold,1.704,0.816,1.412
698,7l7r_D0-C0,ABodyBuilder2,2.072,0.816,1.679
699,7l7r_D0-C0,AF2,0.494,0.816,0.645
700,7l7r_D0-C0,ABlooper,2.510,0.816,2.003
701,7l7r_D0-C0,ABB2_ensemble_rank0,2.072,0.816,1.679
702,7l7r_D0-C0,ABB2_ensemble_rank1,1.596,0.816,1.335
703,7l7r_D0-C0,ABB2_ensemble_rank2,1.189,0.816,1.054
704,7l7r_D0-C0,ABB2_ensemble_rank3,2.682,0.816,2.131
705,7l7r_D0-C0,AF2_ensemble_rank0,0.494,0.816,0.645
706,7l7r_D0-C0,AF2_ensemble_rank1,0.672,0.816,0.734
707,7l7r_D0-C0,AF2_ensemble_rank2,0.447,0.816,0.624
708,7l7r_D0-C0,AF2_ensemble_rank3,0.540,0.816,0.666
709,7l7r_D0-C0,AF2_ensemble_rank4,0.957,0.816,0.902
710,7l7r_D0-C0,IG_ensemble_rank0,1.704,0.816,1.412
711,7l7r_D0-C0,IG_ensemble_rank1,1.461,0.816,1.240
712,7l7r_D0-C0,IG_ensemble_rank2,1.304,0.816,1.131
713,7l7r_D0-C0,IG_ensemble_rank3,1.638,0.816,1.365
714,7f7e_C0-L0,IgFold,2.104,0.424,1.561
715,7f7e_C0-L0,ABodyBuilder2,3.047,0.424,2.240
716,7f7e_C0-L0,AF2,2.638,0.424,1.945
717,7f7e_C0-L0,ABlooper,3.371,0.424,2.474
718,7f7e_C0-L0,ABB2_ensemble_rank0,3.047,0.424,2.240
719,7f7e_C0-L0,ABB2_ensemble_rank1,2.815,0.424,2.072
720,7f7e_C0-L0,ABB2_ensemble_rank2,2.509,0.424,1.852
721,7f7e_C0-L0,ABB2_ensemble_rank3,3.407,0.424,2.500
722,7f7e_C0-L0,AF2_ensemble_rank0,2.638,0.424,1.945
723,7f7e_C0-L0,AF2_ensemble_rank1,3.123,0.424,2.294
724,7f7e_C0-L0,AF2_ensemble_rank2,3.105,0.424,2.281
725,7f7e_C0-L0,AF2_ensemble_rank3,1.762,0.424,1.317
726,7f7e_C0-L0,AF2_ensemble_rank4,1.706,0.424,1.277
727,7f7e_C0-L0,IG_ensemble_rank0,2.104,0.424,1.561
728,7f7e_C0-L0,IG_ensemble_rank1,2.297,0.424,1.699
729,7f7e_C0-L0,IG_ensemble_rank2,2.217,0.424,1.642
730,7f7e_C0-L0,IG_ensemble_rank3,2.291,0.424,1.695
731,7rk1_C0-C1,IgFold,1.169,0.527,0.944
732,7rk1_C0-C1,ABodyBuilder2,0.740,0.527,0.656
733,7rk1_C0-C1,AF2,0.931,0.527,0.781
734,7rk1_C0-C1,ABlooper,1.317,0.527,1.049
735,7rk1_C0-C1,ABB2_ensemble_rank0,0.740,0.527,0.656
736,7rk1_C0-C1,ABB2_ensemble_rank1,0.578,0.527,0.556
737,7rk1_C0-C1,ABB2_ensemble_rank2,0.692,0.527,0.626
738,7rk1_C0-C1,ABB2_ensemble_rank3,0.778,0.527,0.680
739,7rk1_C0-C1,AF2_ensemble_rank0,0.931,0.527,0.781
740,7rk1_C0-C1,AF2_ensemble_rank1,0.929,0.527,0.779
741,7rk1_C0-C1,AF2_ensemble_rank2,0.930,0.527,0.780
742,7rk1_C0-C1,AF2_ensemble_rank3,0.931,0.527,0.781
743,7rk1_C0-C1,AF2_ensemble_rank4,0.937,0.527,0.785
744,7rk1_C0-C1,IG_ensemble_rank0,1.169,0.527,0.944
745,7rk1_C0-C1,IG_ensemble_rank1,1.021,0.527,0.842
746,7rk1_C0-C1,IG_ensemble_rank2,1.167,0.527,0.943
747,7rk1_C0-C1,IG_ensemble_rank3,1.036,0.527,0.852
748,7s11_H0-L0,IgFold,2.972,1.475,2.403
749,7s11_H0-L0,ABodyBuilder2,2.766,1.475,2.266
750,7s11_H0-L0,AF2,1.935,1.475,1.739
751,7s11_H0-L0,ABlooper,2.869,1.475,2.335
752,7s11_H0-L0,ABB2_ensemble_rank0,2.766,1.475,2.266
753,7s11_H0-L0,ABB2_ensemble_rank1,2.448,1.475,2.059
754,7s11_H0-L0,ABB2_ensemble_rank2,2.337,1.475,1.988
755,7s11_H0-L0,ABB2_ensemble_rank3,2.900,1.475,2.355
756,7s11_H0-L0,AF2_ensemble_rank0,1.935,1.475,1.739
757,7s11_H0-L0,AF2_ensemble_rank1,1.992,1.475,1.774
758,7s11_H0-L0,AF2_ensemble_rank2,1.937,1.475,1.740
759,7s11_H0-L0,AF2_ensemble_rank3,2.433,1.475,2.049
760,7s11_H0-L0,AF2_ensemble_rank4,2.002,1.475,1.779
761,7s11_H0-L0,IG_ensemble_rank0,2.972,1.475,2.403
762,7s11_H0-L0,IG_ensemble_rank1,2.498,1.475,2.091
763,7s11_H0-L0,IG_ensemble_rank2,2.789,1.475,2.281
764,7s11_H0-L0,IG_ensemble_rank3,2.452,1.475,2.062
765,7bnv_H0-L0,IgFold,4.523,0.596,3.275
766,7bnv_H0-L0,ABodyBuilder2,3.754,0.596,2.729
767,7bnv_H0-L0,AF2,3.781,0.596,2.748
768,7bnv_H0-L0,ABlooper,4.924,0.596,3.561
769,7bnv_H0-L0,ABB2_ensemble_rank0,3.754,0.596,2.729
770,7bnv_H0-L0,ABB2_ensemble_rank1,3.861,0.596,2.805
771,7bnv_H0-L0,ABB2_ensemble_rank2,4.248,0.596,3.080
772,7bnv_H0-L0,ABB2_ensemble_rank3,6.337,0.596,4.572
773,7bnv_H0-L0,AF2_ensemble_rank0,3.781,0.596,2.748
774,7bnv_H0-L0,AF2_ensemble_rank1,3.496,0.596,2.545
775,7bnv_H0-L0,AF2_ensemble_rank2,4.112,0.596,2.983
776,7bnv_H0-L0,AF2_ensemble_rank3,3.546,0.596,2.581
777,7bnv_H0-L0,AF2_ensemble_rank4,4.140,0.596,3.003
778,7bnv_H0-L0,IG_ensemble_rank0,4.523,0.596,3.275
779,7bnv_H0-L0,IG_ensemble_rank1,4.663,0.596,3.375
780,7bnv_H0-L0,IG_ensemble_rank2,4.249,0.596,3.081
781,7bnv_H0-L0,IG_ensemble_rank3,4.170,0.596,3.024
782,7mzf_H0-L0,IgFold,1.199,1.125,1.160
783,7mzf_H0-L0,ABodyBuilder2,1.074,1.125,1.101
784,7mzf_H0-L0,AF2,0.823,1.125,0.995
785,7mzf_H0-L0,ABlooper,1.946,1.125,1.562
786,7mzf_H0-L0,ABB2_ensemble_rank0,1.074,1.125,1.101
787,7mzf_H0-L0,ABB2_ensemble_rank1,0.970,1.125,1.055
788,7mzf_H0-L0,ABB2_ensemble_rank2,0.992,1.125,1.065
789,7mzf_H0-L0,ABB2_ensemble_rank3,1.144,1.125,1.134
790,7mzf_H0-L0,AF2_ensemble_rank0,0.823,1.125,0.995
791,7mzf_H0-L0,AF2_ensemble_rank1,0.819,1.125,0.994
792,7mzf_H0-L0,AF2_ensemble_rank2,0.833,1.125,0.999
793,7mzf_H0-L0,AF2_ensemble_rank3,0.813,1.125,0.991
794,7mzf_H0-L0,AF2_ensemble_rank4,0.913,1.125,1.031
795,7mzf_H0-L0,IG_ensemble_rank0,1.199,1.125,1.160
796,7mzf_H0-L0,IG_ensemble_rank1,1.163,1.125,1.143
797,7mzf_H0-L0,IG_ensemble_rank2,1.277,1.125,1.198
798,7mzf_H0-L0,IG_ensemble_rank3,1.233,1.125,1.176
799,7kn4_H0-L0,IgFold,1.333,0.455,0.986
800,7kn4_H0-L0,ABodyBuilder2,1.505,0.455,1.100
801,7kn4_H0-L0,AF2,1.882,0.455,1.354
802,7kn4_H0-L0,ABlooper,1.979,0.455,1.420
803,7kn4_H0-L0,ABB2_ensemble_rank0,1.505,0.455,1.100
804,7kn4_H0-L0,ABB2_ensemble_rank1,1.102,0.455,0.836
805,7kn4_H0-L0,ABB2_ensemble_rank2,1.202,0.455,0.901
806,7kn4_H0-L0,ABB2_ensemble_rank3,1.798,0.455,1.297
807,7kn4_H0-L0,AF2_ensemble_rank0,1.882,0.455,1.354
808,7kn4_H0-L0,AF2_ensemble_rank1,1.902,0.455,1.368
809,7kn4_H0-L0,AF2_ensemble_rank2,1.912,0.455,1.375
810,7kn4_H0-L0,AF2_ensemble_rank3,1.895,0.455,1.363
811,7kn4_H0-L0,AF2_ensemble_rank4,1.884,0.455,1.356
812,7kn4_H0-L0,IG_ensemble_rank0,1.333,0.455,0.986
813,7kn4_H0-L0,IG_ensemble_rank1,1.397,0.455,1.029
814,7kn4_H0-L0,IG_ensemble_rank2,1.559,0.455,1.137
815,7kn4_H0-L0,IG_ensemble_rank3,1.497,0.455,1.095
816,7r89_C0-D0,IgFold,1.911,3.471,2.801
817,7r89_C0-D0,ABodyBuilder2,1.570,3.471,2.693
818,7r89_C0-D0,AF2,1.735,3.471,2.744
819,7r89_C0-D0,ABlooper,2.057,3.471,2.853
820,7r89_C0-D0,ABB2_ensemble_rank0,1.570,3.471,2.693
821,7r89_C0-D0,ABB2_ensemble_rank1,1.814,3.471,2.769
822,7r89_C0-D0,ABB2_ensemble_rank2,1.478,3.471,2.668
823,7r89_C0-D0,ABB2_ensemble_rank3,2.123,3.471,2.877
824,7r89_C0-D0,AF2_ensemble_rank0,1.735,3.471,2.744
825,7r89_C0-D0,AF2_ensemble_rank1,1.760,3.471,2.752
826,7r89_C0-D0,AF2_ensemble_rank2,1.757,3.471,2.751
827,7r89_C0-D0,AF2_ensemble_rank3,1.731,3.471,2.742
828,7r89_C0-D0,AF2_ensemble_rank4,1.768,3.471,2.754
829,7r89_C0-D0,IG_ensemble_rank0,1.911,3.471,2.801
830,7r89_C0-D0,IG_ensemble_rank1,1.707,3.471,2.735
831,7r89_C0-D0,IG_ensemble_rank2,1.789,3.471,2.761
832,7r89_C0-D0,IG_ensemble_rank3,1.978,3.471,2.825
833,7kf1_H0-L0,IgFold,2.006,0.371,1.525
834,7kf1_H0-L0,ABodyBuilder2,1.620,0.371,1.240
835,7kf1_H0-L0,AF2,4.494,0.371,3.379
836,7kf1_H0-L0,ABlooper,2.461,0.371,1.862
837,7kf1_H0-L0,ABB2_ensemble_rank0,1.620,0.371,1.240
838,7kf1_H0-L0,ABB2_ensemble_rank1,2.611,0.371,1.973
839,7kf1_H0-L0,ABB2_ensemble_rank2,2.107,0.371,1.599
840,7kf1_H0-L0,ABB2_ensemble_rank3,2.787,0.371,2.105
841,7kf1_H0-L0,AF2_ensemble_rank0,4.494,0.371,3.379
842,7kf1_H0-L0,AF2_ensemble_rank1,4.478,0.371,3.367
843,7kf1_H0-L0,AF2_ensemble_rank2,4.499,0.371,3.383
844,7kf1_H0-L0,AF2_ensemble_rank3,4.462,0.371,3.356
845,7kf1_H0-L0,AF2_ensemble_rank4,4.465,0.371,3.358
846,7kf1_H0-L0,IG_ensemble_rank0,2.006,0.371,1.525
847,7kf1_H0-L0,IG_ensemble_rank1,2.017,0.371,1.533
848,7kf1_H0-L0,IG_ensemble_rank2,1.865,0.371,1.420
849,7kf1_H0-L0,IG_ensemble_rank3,2.239,0.371,1.697
850,7e3o_H0-L0,IgFold,2.841,1.593,2.369
851,7e3o_H0-L0,ABodyBuilder2,1.945,1.593,1.797
852,7e3o_H0-L0,AF2,3.328,1.593,2.699
853,7e3o_H0-L0,ABlooper,2.287,1.593,2.008
854,7e3o_H0-L0,ABB2_ensemble_rank0,1.945,1.593,1.797
855,7e3o_H0-L0,ABB2_ensemble_rank1,2.086,1.593,1.883
856,7e3o_H0-L0,ABB2_ensemble_rank2,2.269,1.593,1.997
857,7e3o_H0-L0,ABB2_ensemble_rank3,2.813,1.593,2.350
858,7e3o_H0-L0,AF2_ensemble_rank0,3.328,1.593,2.699
859,7e3o_H0-L0,AF2_ensemble_rank1,2.570,1.593,2.190
860,7e3o_H0-L0,AF2_ensemble_rank2,2.328,1.593,2.034
861,7e3o_H0-L0,AF2_ensemble_rank3,2.680,1.593,2.262
862,7e3o_H0-L0,AF2_ensemble_rank4,3.143,1.593,2.572
863,7e3o_H0-L0,IG_ensemble_rank0,2.841,1.593,2.369
864,7e3o_H0-L0,IG_ensemble_rank1,2.712,1.593,2.284
865,7e3o_H0-L0,IG_ensemble_rank2,2.850,1.593,2.375
866,7e3o_H0-L0,IG_ensemble_rank3,2.775,1.593,2.325
867,7lf7_A0-B0,IgFold,2.126,0.189,1.579
868,7lf7_A0-B0,ABodyBuilder2,0.545,0.189,0.423
869,7lf7_A0-B0,AF2,2.083,0.189,1.547
870,7lf7_A0-B0,ABlooper,2.974,0.189,2.206
871,7lf7_A0-B0,ABB2_ensemble_rank0,0.545,0.189,0.423
872,7lf7_A0-B0,ABB2_ensemble_rank1,0.336,0.189,0.279
873,7lf7_A0-B0,ABB2_ensemble_rank2,0.302,0.189,0.257
874,7lf7_A0-B0,ABB2_ensemble_rank3,0.835,0.189,0.631
875,7lf7_A0-B0,AF2_ensemble_rank0,2.083,0.189,1.547
876,7lf7_A0-B0,AF2_ensemble_rank1,2.050,0.189,1.524
877,7lf7_A0-B0,AF2_ensemble_rank2,2.060,0.189,1.531
878,7lf7_A0-B0,AF2_ensemble_rank3,2.080,0.189,1.546
879,7lf7_A0-B0,AF2_ensemble_rank4,1.502,0.189,1.119
880,7lf7_A0-B0,IG_ensemble_rank0,2.126,0.189,1.579
881,7lf7_A0-B0,IG_ensemble_rank1,1.865,0.189,1.387
882,7lf7_A0-B0,IG_ensemble_rank2,2.286,0.189,1.697
883,7lf7_A0-B0,IG_ensemble_rank3,1.995,0.189,1.483
884,7mdj_A0-B0,IgFold,1.299,0.335,1.003
885,7mdj_A0-B0,ABodyBuilder2,1.290,0.335,0.997
886,7mdj_A0-B0,AF2,1.069,0.335,0.835
887,7mdj_A0-B0,ABlooper,1.579,0.335,1.210
888,7mdj_A0-B0,ABB2_ensemble_rank0,1.290,0.335,0.997
889,7mdj_A0-B0,ABB2_ensemble_rank1,1.310,0.335,1.011
890,7mdj_A0-B0,ABB2_ensemble_rank2,1.256,0.335,0.972
891,7mdj_A0-B0,ABB2_ensemble_rank3,1.177,0.335,0.914
892,7mdj_A0-B0,AF2_ensemble_rank0,1.069,0.335,0.835
893,7mdj_A0-B0,AF2_ensemble_rank1,1.272,0.335,0.983
894,7mdj_A0-B0,AF2_ensemble_rank2,1.387,0.335,1.068
895,7mdj_A0-B0,AF2_ensemble_rank3,1.346,0.335,1.038
896,7mdj_A0-B0,AF2_ensemble_rank4,1.335,0.335,1.030
897,7mdj_A0-B0,IG_ensemble_rank0,1.299,0.335,1.003
898,7mdj_A0-B0,IG_ensemble_rank1,1.302,0.335,1.006
899,7mdj_A0-B0,IG_ensemble_rank2,1.286,0.335,0.994
900,7mdj_A0-B0,IG_ensemble_rank3,1.243,0.335,0.962
901,7shu_E0-F0,IgFold,2.002,0.770,1.471
902,7shu_E0-F0,ABodyBuilder2,1.645,0.770,1.250
903,7shu_E0-F0,AF2,1.509,0.770,1.169
904,7shu_E0-F0,ABlooper,2.136,0.770,1.554
905,7shu_E0-F0,ABB2_ensemble_rank0,1.645,0.770,1.250
906,7shu_E0-F0,ABB2_ensemble_rank1,1.663,0.770,1.261
907,7shu_E0-F0,ABB2_ensemble_rank2,1.647,0.770,1.252
908,7shu_E0-F0,ABB2_ensemble_rank3,1.579,0.770,1.211
909,7shu_E0-F0,AF2_ensemble_rank0,1.509,0.770,1.169
910,7shu_E0-F0,AF2_ensemble_rank1,1.648,0.770,1.252
911,7shu_E0-F0,AF2_ensemble_rank2,1.660,0.770,1.259
912,7shu_E0-F0,AF2_ensemble_rank3,1.256,0.770,1.022
913,7shu_E0-F0,AF2_ensemble_rank4,1.457,0.770,1.138
914,7shu_E0-F0,IG_ensemble_rank0,2.002,0.770,1.471
915,7shu_E0-F0,IG_ensemble_rank1,2.018,0.770,1.480
916,7shu_E0-F0,IG_ensemble_rank2,1.875,0.770,1.391
917,7shu_E0-F0,IG_ensemble_rank3,1.739,0.770,1.308
918,7kez_H0-L0,IgFold,2.342,0.492,1.856
919,7kez_H0-L0,ABodyBuilder2,2.633,0.492,2.081
920,7kez_H0-L0,AF2,2.895,0.492,2.284
921,7kez_H0-L0,ABlooper,2.280,0.492,1.808
922,7kez_H0-L0,ABB2_ensemble_rank0,2.633,0.492,2.081
923,7kez_H0-L0,ABB2_ensemble_rank1,2.985,0.492,2.354
924,7kez_H0-L0,ABB2_ensemble_rank2,2.780,0.492,2.195
925,7kez_H0-L0,ABB2_ensemble_rank3,2.957,0.492,2.332
926,7kez_H0-L0,AF2_ensemble_rank0,2.895,0.492,2.284
927,7kez_H0-L0,AF2_ensemble_rank1,2.850,0.492,2.249
928,7kez_H0-L0,AF2_ensemble_rank2,2.804,0.492,2.213
929,7kez_H0-L0,AF2_ensemble_rank3,2.843,0.492,2.244
930,7kez_H0-L0,AF2_ensemble_rank4,2.984,0.492,2.353
931,7kez_H0-L0,IG_ensemble_rank0,2.342,0.492,1.856
932,7kez_H0-L0,IG_ensemble_rank1,2.253,0.492,1.788
933,7kez_H0-L0,IG_ensemble_rank2,2.176,0.492,1.729
934,7kez_H0-L0,IG_ensemble_rank3,2.314,0.492,1.835
935,7lfa_B0-D0,IgFold,1.130,3.201,2.131
936,7lfa_B0-D0,ABodyBuilder2,0.565,3.201,1.983
937,7lfa_B0-D0,AF2,1.180,3.201,2.148
938,7lfa_B0-D0,ABlooper,1.384,3.201,2.224
939,7lfa_B0-D0,ABB2_ensemble_rank0,0.565,3.201,1.983
940,7lfa_B0-D0,ABB2_ensemble_rank1,0.512,3.201,1.973
941,7lfa_B0-D0,ABB2_ensemble_rank2,0.640,3.201,1.997
942,7lfa_B0-D0,ABB2_ensemble_rank3,0.926,3.201,2.067
943,7lfa_B0-D0,AF2_ensemble_rank0,1.180,3.201,2.148
944,7lfa_B0-D0,AF2_ensemble_rank1,1.156,3.201,2.140
945,7lfa_B0-D0,AF2_ensemble_rank2,1.165,3.201,2.142
946,7lfa_B0-D0,AF2_ensemble_rank3,1.171,3.201,2.145
947,7lfa_B0-D0,AF2_ensemble_rank4,1.178,3.201,2.147
948,7lfa_B0-D0,IG_ensemble_rank0,1.130,3.201,2.131
949,7lfa_B0-D0,IG_ensemble_rank1,1.180,3.201,2.148
950,7lfa_B0-D0,IG_ensemble_rank2,1.058,3.201,2.107
951,7lfa_B0-D0,IG_ensemble_rank3,1.111,3.201,2.124
952,7ps6_H0-L0,IgFold,1.903,0.239,1.482
953,7ps6_H0-L0,ABodyBuilder2,1.529,0.239,1.194
954,7ps6_H0-L0,AF2,2.082,0.239,1.620
955,7ps6_H0-L0,ABlooper,2.024,0.239,1.575
956,7ps6_H0-L0,ABB2_ensemble_rank0,1.529,0.239,1.194
957,7ps6_H0-L0,ABB2_ensemble_rank1,1.661,0.239,1.295
958,7ps6_H0-L0,ABB2_ensemble_rank2,1.653,0.239,1.289
959,7ps6_H0-L0,ABB2_ensemble_rank3,1.816,0.239,1.415
960,7ps6_H0-L0,AF2_ensemble_rank0,2.082,0.239,1.620
961,7ps6_H0-L0,AF2_ensemble_rank1,1.680,0.239,1.310
962,7ps6_H0-L0,AF2_ensemble_rank2,1.282,0.239,1.004
963,7ps6_H0-L0,AF2_ensemble_rank3,1.020,0.239,0.804
964,7ps6_H0-L0,AF2_ensemble_rank4,1.205,0.239,0.945
965,7ps6_H0-L0,IG_ensemble_rank0,1.903,0.239,1.482
966,7ps6_H0-L0,IG_ensemble_rank1,2.149,0.239,1.671
967,7ps6_H0-L0,IG_ensemble_rank2,1.548,0.239,1.209
968,7ps6_H0-L0,IG_ensemble_rank3,1.848,0.239,1.440
969,7mrz_X0-Y0,IgFold,2.058,1.054,1.655
970,7mrz_X0-Y0,ABodyBuilder2,2.031,1.054,1.637
971,7mrz_X0-Y0,AF2,1.919,1.054,1.566
972,7mrz_X0-Y0,ABlooper,2.318,1.054,1.825
973,7mrz_X0-Y0,ABB2_ensemble_rank0,2.031,1.054,1.637
974,7mrz_X0-Y0,ABB2_ensemble_rank1,1.964,1.054,1.594
975,7mrz_X0-Y0,ABB2_ensemble_rank2,1.820,1.054,1.502
976,7mrz_X0-Y0,ABB2_ensemble_rank3,2.026,1.054,1.634
977,7mrz_X0-Y0,AF2_ensemble_rank0,1.919,1.054,1.566
978,7mrz_X0-Y0,AF2_ensemble_rank1,1.940,1.054,1.579
979,7mrz_X0-Y0,AF2_ensemble_rank2,1.929,1.054,1.572
980,7mrz_X0-Y0,AF2_ensemble_rank3,1.946,1.054,1.583
981,7mrz_X0-Y0,AF2_ensemble_rank4,1.922,1.054,1.567
982,7mrz_X0-Y0,IG_ensemble_rank0,2.058,1.054,1.655
983,7mrz_X0-Y0,IG_ensemble_rank1,2.054,1.054,1.652
984,7mrz_X0-Y0,IG_ensemble_rank2,2.064,1.054,1.659
985,7mrz_X0-Y0,IG_ensemble_rank3,2.011,1.054,1.625
986,7lfb_H0-L0,IgFold,1.174,5.949,3.686
987,7lfb_H0-L0,ABodyBuilder2,1.018,5.949,3.656
988,7lfb_H0-L0,AF2,1.028,5.949,3.658
989,7lfb_H0-L0,ABlooper,1.892,5.949,3.873
990,7lfb_H0-L0,ABB2_ensemble_rank0,1.018,5.949,3.656
991,7lfb_H0-L0,ABB2_ensemble_rank1,1.204,5.949,3.692
992,7lfb_H0-L0,ABB2_ensemble_rank2,1.015,5.949,3.656
993,7lfb_H0-L0,ABB2_ensemble_rank3,1.707,5.949,3.817
994,7lfb_H0-L0,AF2_ensemble_rank0,1.028,5.949,3.658
995,7lfb_H0-L0,AF2_ensemble_rank1,1.044,5.949,3.661
996,7lfb_H0-L0,AF2_ensemble_rank2,1.066,5.949,3.665
997,7lfb_H0-L0,AF2_ensemble_rank3,1.046,5.949,3.661
998,7lfb_H0-L0,AF2_ensemble_rank4,1.076,5.949,3.667
999,7lfb_H0-L0,IG_ensemble_rank0,1.174,5.949,3.686
1000,7lfb_H0-L0,IG_ensemble_rank1,1.160,5.949,3.683
1001,7lfb_H0-L0,IG_ensemble_rank2,1.026,5.949,3.658
1002,7lfb_H0-L0,IG_ensemble_rank3,0.794,5.949,3.621
1003,7sem_B0-C0,IgFold,3.325,1.039,2.403
1004,7sem_B0-C0,ABodyBuilder2,0.850,1.039,0.955
1005,7sem_B0-C0,AF2,1.674,1.039,1.375
1006,7sem_B0-C0,ABlooper,3.681,1.039,2.636
1007,7sem_B0-C0,ABB2_ensemble_rank0,0.850,1.039,0.955
1008,7sem_B0-C0,ABB2_ensemble_rank1,1.287,1.039,1.162
1009,7sem_B0-C0,ABB2_ensemble_rank2,0.756,1.039,0.917
1010,7sem_B0-C0,ABB2_ensemble_rank3,1.255,1.039,1.146
1011,7sem_B0-C0,AF2_ensemble_rank0,1.674,1.039,1.375
1012,7sem_B0-C0,AF2_ensemble_rank1,2.068,1.039,1.608
1013,7sem_B0-C0,AF2_ensemble_rank2,2.090,1.039,1.621
1014,7sem_B0-C0,AF2_ensemble_rank3,1.714,1.039,1.398
1015,7sem_B0-C0,AF2_ensemble_rank4,2.089,1.039,1.620
1016,7sem_B0-C0,IG_ensemble_rank0,3.325,1.039,2.403
1017,7sem_B0-C0,IG_ensemble_rank1,3.003,1.039,2.195
1018,7sem_B0-C0,IG_ensemble_rank2,3.612,1.039,2.590
1019,7sem_B0-C0,IG_ensemble_rank3,3.483,1.039,2.506
1020,7rk2_C0-C1,IgFold,0.912,0.613,0.781
1021,7rk2_C0-C1,ABodyBuilder2,1.373,0.613,1.071
1022,7rk2_C0-C1,AF2,0.788,0.613,0.708
1023,7rk2_C0-C1,ABlooper,1.881,0.613,1.411
1024,7rk2_C0-C1,ABB2_ensemble_rank0,1.373,0.613,1.071
1025,7rk2_C0-C1,ABB2_ensemble_rank1,0.918,0.613,0.784
1026,7rk2_C0-C1,ABB2_ensemble_rank2,0.927,0.613,0.789
1027,7rk2_C0-C1,ABB2_ensemble_rank3,1.074,0.613,0.879
1028,7rk2_C0-C1,AF2_ensemble_rank0,0.788,0.613,0.708
1029,7rk2_C0-C1,AF2_ensemble_rank1,1.266,0.613,1.001
1030,7rk2_C0-C1,AF2_ensemble_rank2,0.759,0.613,0.692
1031,7rk2_C0-C1,AF2_ensemble_rank3,1.265,0.613,1.001
1032,7rk2_C0-C1,AF2_ensemble_rank4,1.303,0.613,1.025
1033,7rk2_C0-C1,IG_ensemble_rank0,0.912,0.613,0.781
1034,7rk2_C0-C1,IG_ensemble_rank1,0.824,0.613,0.729
1035,7rk2_C0-C1,IG_ensemble_rank2,0.942,0.613,0.798
1036,7rk2_C0-C1,IG_ensemble_rank3,1.098,0.613,0.895
1037,7qnw_A0-B0,IgFold,2.375,0.266,1.665
1038,7qnw_A0-B0,ABodyBuilder2,2.040,0.266,1.433
1039,7qnw_A0-B0,AF2,2.195,0.266,1.540
1040,7qnw_A0-B0,ABlooper,2.595,0.266,1.817
1041,7qnw_A0-B0,ABB2_ensemble_rank0,2.040,0.266,1.433
1042,7qnw_A0-B0,ABB2_ensemble_rank1,2.877,0.266,2.012
1043,7qnw_A0-B0,ABB2_ensemble_rank2,2.510,0.266,1.758
1044,7qnw_A0-B0,ABB2_ensemble_rank3,2.812,0.266,1.967
1045,7qnw_A0-B0,AF2_ensemble_rank0,2.195,0.266,1.540
1046,7qnw_A0-B0,AF2_ensemble_rank1,2.153,0.266,1.511
1047,7qnw_A0-B0,AF2_ensemble_rank2,2.152,0.266,1.510
1048,7qnw_A0-B0,AF2_ensemble_rank3,1.488,0.266,1.053
1049,7qnw_A0-B0,AF2_ensemble_rank4,1.709,0.266,1.205
1050,7qnw_A0-B0,IG_ensemble_rank0,2.375,0.266,1.665
1051,7qnw_A0-B0,IG_ensemble_rank1,2.396,0.266,1.680
1052,7qnw_A0-B0,IG_ensemble_rank2,2.481,0.266,1.738
1053,7qnw_A0-B0,IG_ensemble_rank3,2.307,0.266,1.617
1054,7mzk_N0-M0,IgFold,2.309,0.306,1.757
1055,7mzk_N0-M0,ABodyBuilder2,2.412,0.306,1.835
1056,7mzk_N0-M0,AF2,1.456,0.306,1.118
1057,7mzk_N0-M0,ABlooper,2.407,0.306,1.830
1058,7mzk_N0-M0,ABB2_ensemble_rank0,2.412,0.306,1.835
1059,7mzk_N0-M0,ABB2_ensemble_rank1,2.050,0.306,1.563
1060,7mzk_N0-M0,ABB2_ensemble_rank2,2.084,0.306,1.588
1061,7mzk_N0-M0,ABB2_ensemble_rank3,2.577,0.306,1.959
1062,7mzk_N0-M0,AF2_ensemble_rank0,1.456,0.306,1.118
1063,7mzk_N0-M0,AF2_ensemble_rank1,1.479,0.306,1.136
1064,7mzk_N0-M0,AF2_ensemble_rank2,1.452,0.306,1.116
1065,7mzk_N0-M0,AF2_ensemble_rank3,1.817,0.306,1.388
1066,7mzk_N0-M0,AF2_ensemble_rank4,1.842,0.306,1.406
1067,7mzk_N0-M0,IG_ensemble_rank0,2.309,0.306,1.757
1068,7mzk_N0-M0,IG_ensemble_rank1,2.210,0.306,1.683
1069,7mzk_N0-M0,IG_ensemble_rank2,2.149,0.306,1.637
1070,7mzk_N0-M0,IG_ensemble_rank3,2.329,0.306,1.772
1071,7kn3_H0-L0,IgFold,0.998,1.367,1.193
1072,7kn3_H0-L0,ABodyBuilder2,1.081,1.367,1.229
1073,7kn3_H0-L0,AF2,0.981,1.367,1.186
1074,7kn3_H0-L0,ABlooper,2.754,1.367,2.187
1075,7kn3_H0-L0,ABB2_ensemble_rank0,1.081,1.367,1.229
1076,7kn3_H0-L0,ABB2_ensemble_rank1,1.049,1.367,1.215
1077,7kn3_H0-L0,ABB2_ensemble_rank2,1.173,1.367,1.272
1078,7kn3_H0-L0,ABB2_ensemble_rank3,0.978,1.367,1.185
1079,7kn3_H0-L0,AF2_ensemble_rank0,0.981,1.367,1.186
1080,7kn3_H0-L0,AF2_ensemble_rank1,0.982,1.367,1.186
1081,7kn3_H0-L0,AF2_ensemble_rank2,0.986,1.367,1.188
1082,7kn3_H0-L0,AF2_ensemble_rank3,0.974,1.367,1.183
1083,7kn3_H0-L0,AF2_ensemble_rank4,0.971,1.367,1.182
1084,7kn3_H0-L0,IG_ensemble_rank0,0.998,1.367,1.193
1085,7kn3_H0-L0,IG_ensemble_rank1,1.084,1.367,1.231
1086,7kn3_H0-L0,IG_ensemble_rank2,1.080,1.367,1.229
1087,7kn3_H0-L0,IG_ensemble_rank3,1.132,1.367,1.252
1088,7rah_D0-C0,IgFold,1.695,2.681,2.122
1089,7rah_D0-C0,ABodyBuilder2,1.705,2.681,2.128
1090,7rah_D0-C0,AF2,1.145,2.681,1.880
1091,7rah_D0-C0,ABlooper,2.296,2.681,2.449
1092,7rah_D0-C0,ABB2_ensemble_rank0,1.705,2.681,2.128
1093,7rah_D0-C0,ABB2_ensemble_rank1,1.548,2.681,2.051
1094,7rah_D0-C0,ABB2_ensemble_rank2,1.853,2.681,2.203
1095,7rah_D0-C0,ABB2_ensemble_rank3,1.301,2.681,1.942
1096,7rah_D0-C0,AF2_ensemble_rank0,1.145,2.681,1.880
1097,7rah_D0-C0,AF2_ensemble_rank1,1.118,2.681,1.870
1098,7rah_D0-C0,AF2_ensemble_rank2,1.081,2.681,1.856
1099,7rah_D0-C0,AF2_ensemble_rank3,1.156,2.681,1.884
1100,7rah_D0-C0,AF2_ensemble_rank4,1.082,2.681,1.856
1101,7rah_D0-C0,IG_ensemble_rank0,1.695,2.681,2.122
1102,7rah_D0-C0,IG_ensemble_rank1,1.668,2.681,2.109
1103,7rah_D0-C0,IG_ensemble_rank2,1.428,2.681,1.997
1104,7rah_D0-C0,IG_ensemble_rank3,1.453,2.681,2.008
1105,7soe_B0-L0,IgFold,2.121,1.873,2.001
1106,7soe_B0-L0,ABodyBuilder2,2.481,1.873,2.198
1107,7soe_B0-L0,AF2,1.604,1.873,1.744
1108,7soe_B0-L0,ABlooper,2.441,1.873,2.176
1109,7soe_B0-L0,ABB2_ensemble_rank0,2.481,1.873,2.198
1110,7soe_B0-L0,ABB2_ensemble_rank1,1.998,1.873,1.937
1111,7soe_B0-L0,ABB2_ensemble_rank2,1.936,1.873,1.905
1112,7soe_B0-L0,ABB2_ensemble_rank3,2.975,1.873,2.486
1113,7soe_B0-L0,AF2_ensemble_rank0,1.604,1.873,1.744
1114,7soe_B0-L0,AF2_ensemble_rank1,1.940,1.873,1.907
1115,7soe_B0-L0,AF2_ensemble_rank2,1.951,1.873,1.912
1116,7soe_B0-L0,AF2_ensemble_rank3,1.511,1.873,1.702
1117,7soe_B0-L0,AF2_ensemble_rank4,1.715,1.873,1.796
1118,7soe_B0-L0,IG_ensemble_rank0,2.121,1.873,2.001
1119,7soe_B0-L0,IG_ensemble_rank1,2.332,1.873,2.115
1120,7soe_B0-L0,IG_ensemble_rank2,2.319,1.873,2.108
1121,7soe_B0-L0,IG_ensemble_rank3,2.129,1.873,2.005
1122,7ps4_H0-L0,IgFold,2.465,0.521,1.822
1123,7ps4_H0-L0,ABodyBuilder2,3.929,0.521,2.870
1124,7ps4_H0-L0,AF2,1.788,0.521,1.345
1125,7ps4_H0-L0,ABlooper,4.026,0.521,2.939
1126,7ps4_H0-L0,ABB2_ensemble_rank0,3.929,0.521,2.870
1127,7ps4_H0-L0,ABB2_ensemble_rank1,2.350,0.521,1.740
1128,7ps4_H0-L0,ABB2_ensemble_rank2,3.663,0.521,2.679
1129,7ps4_H0-L0,ABB2_ensemble_rank3,3.702,0.521,2.706
1130,7ps4_H0-L0,AF2_ensemble_rank0,1.788,0.521,1.345
1131,7ps4_H0-L0,AF2_ensemble_rank1,1.785,0.521,1.342
1132,7ps4_H0-L0,AF2_ensemble_rank2,1.521,0.521,1.159
1133,7ps4_H0-L0,AF2_ensemble_rank3,1.586,0.521,1.204
1134,7ps4_H0-L0,AF2_ensemble_rank4,1.547,0.521,1.177
1135,7ps4_H0-L0,IG_ensemble_rank0,2.465,0.521,1.822
1136,7ps4_H0-L0,IG_ensemble_rank1,2.084,0.521,1.552
1137,7ps4_H0-L0,IG_ensemble_rank2,2.328,0.521,1.724
1138,7ps4_H0-L0,IG_ensemble_rank3,1.941,0.521,1.452
1139,7shz_K0-L0,IgFold,1.607,0.423,1.214
1140,7shz_K0-L0,ABodyBuilder2,1.523,0.423,1.154
1141,7shz_K0-L0,AF2,1.141,0.423,0.886
1142,7shz_K0-L0,ABlooper,1.997,0.423,1.493
1143,7shz_K0-L0,ABB2_ensemble_rank0,1.523,0.423,1.154
1144,7shz_K0-L0,ABB2_ensemble_rank1,1.564,0.423,1.183
1145,7shz_K0-L0,ABB2_ensemble_rank2,1.476,0.423,1.120
1146,7shz_K0-L0,ABB2_ensemble_rank3,1.472,0.423,1.118
1147,7shz_K0-L0,AF2_ensemble_rank0,1.141,0.423,0.886
1148,7shz_K0-L0,AF2_ensemble_rank1,1.554,0.423,1.176
1149,7shz_K0-L0,AF2_ensemble_rank2,1.488,0.423,1.129
1150,7shz_K0-L0,AF2_ensemble_rank3,1.567,0.423,1.185
1151,7shz_K0-L0,AF2_ensemble_rank4,1.341,0.423,1.025
1152,7shz_K0-L0,IG_ensemble_rank0,1.607,0.423,1.214
1153,7shz_K0-L0,IG_ensemble_rank1,1.556,0.423,1.177
1154,7shz_K0-L0,IG_ensemble_rank2,1.726,0.423,1.299
1155,7shz_K0-L0,IG_ensemble_rank3,1.740,0.423,1.309
1156,7ps0_H0-L0,IgFold,2.358,0.474,1.796
1157,7ps0_H0-L0,ABodyBuilder2,2.518,0.474,1.914
1158,7ps0_H0-L0,AF2,2.254,0.474,1.719
1159,7ps0_H0-L0,ABlooper,3.382,0.474,2.556
1160,7ps0_H0-L0,ABB2_ensemble_rank0,2.518,0.474,1.914
1161,7ps0_H0-L0,ABB2_ensemble_rank1,2.480,0.474,1.886
1162,7ps0_H0-L0,ABB2_ensemble_rank2,2.111,0.474,1.614
1163,7ps0_H0-L0,ABB2_ensemble_rank3,2.538,0.474,1.929
1164,7ps0_H0-L0,AF2_ensemble_rank0,2.254,0.474,1.719
1165,7ps0_H0-L0,AF2_ensemble_rank1,2.233,0.474,1.704
1166,7ps0_H0-L0,AF2_ensemble_rank2,2.261,0.474,1.725
1167,7ps0_H0-L0,AF2_ensemble_rank3,2.217,0.474,1.692
1168,7ps0_H0-L0,AF2_ensemble_rank4,2.276,0.474,1.736
1169,7ps0_H0-L0,IG_ensemble_rank0,2.358,0.474,1.796
1170,7ps0_H0-L0,IG_ensemble_rank1,2.398,0.474,1.825
1171,7ps0_H0-L0,IG_ensemble_rank2,2.545,0.474,1.934
1172,7ps0_H0-L0,IG_ensemble_rank3,2.459,0.474,1.871
1173,7bbj_H0-L0,IgFold,1.025,0.425,0.778
1174,7bbj_H0-L0,ABodyBuilder2,0.998,0.425,0.761
1175,7bbj_H0-L0,AF2,0.956,0.425,0.734
1176,7bbj_H0-L0,ABlooper,1.346,0.425,0.989
1177,7bbj_H0-L0,ABB2_ensemble_rank0,0.998,0.425,0.761
1178,7bbj_H0-L0,ABB2_ensemble_rank1,1.064,0.425,0.804
1179,7bbj_H0-L0,ABB2_ensemble_rank2,1.118,0.425,0.839
1180,7bbj_H0-L0,ABB2_ensemble_rank3,0.789,0.425,0.630
1181,7bbj_H0-L0,AF2_ensemble_rank0,0.956,0.425,0.734
1182,7bbj_H0-L0,AF2_ensemble_rank1,0.961,0.425,0.738
1183,7bbj_H0-L0,AF2_ensemble_rank2,0.968,0.425,0.742
1184,7bbj_H0-L0,AF2_ensemble_rank3,0.963,0.425,0.739
1185,7bbj_H0-L0,AF2_ensemble_rank4,0.956,0.425,0.735
1186,7bbj_H0-L0,IG_ensemble_rank0,1.025,0.425,0.778
1187,7bbj_H0-L0,IG_ensemble_rank1,0.944,0.425,0.727
1188,7bbj_H0-L0,IG_ensemble_rank2,1.047,0.425,0.793
1189,7bbj_H0-L0,IG_ensemble_rank3,0.955,0.425,0.734
1190,7vux_H0-L0,IgFold,0.908,1.779,1.370
1191,7vux_H0-L0,ABodyBuilder2,0.516,1.779,1.252
1192,7vux_H0-L0,AF2,0.480,1.779,1.244
1193,7vux_H0-L0,ABlooper,1.614,1.779,1.690
1194,7vux_H0-L0,ABB2_ensemble_rank0,0.516,1.779,1.252
1195,7vux_H0-L0,ABB2_ensemble_rank1,0.560,1.779,1.262
1196,7vux_H0-L0,ABB2_ensemble_rank2,0.643,1.779,1.284
1197,7vux_H0-L0,ABB2_ensemble_rank3,0.765,1.779,1.320
1198,7vux_H0-L0,AF2_ensemble_rank0,0.480,1.779,1.244
1199,7vux_H0-L0,AF2_ensemble_rank1,0.440,1.779,1.236
1200,7vux_H0-L0,AF2_ensemble_rank2,0.451,1.779,1.238
1201,7vux_H0-L0,AF2_ensemble_rank3,0.446,1.779,1.237
1202,7vux_H0-L0,AF2_ensemble_rank4,0.471,1.779,1.242
1203,7vux_H0-L0,IG_ensemble_rank0,0.908,1.779,1.370
1204,7vux_H0-L0,IG_ensemble_rank1,0.890,1.779,1.363
1205,7vux_H0-L0,IG_ensemble_rank2,1.031,1.779,1.417
1206,7vux_H0-L0,IG_ensemble_rank3,0.989,1.779,1.400
1207,7vmu_A0-A1,IgFold,1.438,0.884,1.181
1208,7vmu_A0-A1,ABodyBuilder2,0.968,0.884,0.925
1209,7vmu_A0-A1,AF2,1.873,0.884,1.443
1210,7vmu_A0-A1,ABlooper,2.096,0.884,1.582
1211,7vmu_A0-A1,ABB2_ensemble_rank0,0.968,0.884,0.925
1212,7vmu_A0-A1,ABB2_ensemble_rank1,1.018,0.884,0.950
1213,7vmu_A0-A1,ABB2_ensemble_rank2,0.923,0.884,0.903
1214,7vmu_A0-A1,ABB2_ensemble_rank3,0.748,0.884,0.822
1215,7vmu_A0-A1,AF2_ensemble_rank0,1.873,0.884,1.443
1216,7vmu_A0-A1,AF2_ensemble_rank1,1.865,0.884,1.438
1217,7vmu_A0-A1,AF2_ensemble_rank2,1.873,0.884,1.443
1218,7vmu_A0-A1,AF2_ensemble_rank3,1.879,0.884,1.447
1219,7vmu_A0-A1,AF2_ensemble_rank4,1.817,0.884,1.408
1220,7vmu_A0-A1,IG_ensemble_rank0,1.438,0.884,1.181
1221,7vmu_A0-A1,IG_ensemble_rank1,1.306,0.884,1.106
1222,7vmu_A0-A1,IG_ensemble_rank2,1.259,0.884,1.079
1223,7vmu_A0-A1,IG_ensemble_rank3,1.287,0.884,1.095
1224,7coe_H0-L0,IgFold,2.854,0.716,2.080
1225,7coe_H0-L0,ABodyBuilder2,2.407,0.716,1.775
1226,7coe_H0-L0,AF2,2.779,0.716,2.029
1227,7coe_H0-L0,ABlooper,2.879,0.716,2.098
1228,7coe_H0-L0,ABB2_ensemble_rank0,2.407,0.716,1.775
1229,7coe_H0-L0,ABB2_ensemble_rank1,2.784,0.716,2.033
1230,7coe_H0-L0,ABB2_ensemble_rank2,1.648,0.716,1.271
1231,7coe_H0-L0,ABB2_ensemble_rank3,2.877,0.716,2.096
1232,7coe_H0-L0,AF2_ensemble_rank0,2.779,0.716,2.029
1233,7coe_H0-L0,AF2_ensemble_rank1,2.636,0.716,1.932
1234,7coe_H0-L0,AF2_ensemble_rank2,2.792,0.716,2.038
1235,7coe_H0-L0,AF2_ensemble_rank3,3.030,0.716,2.202
1236,7coe_H0-L0,AF2_ensemble_rank4,2.373,0.716,1.753
1237,7coe_H0-L0,IG_ensemble_rank0,2.854,0.716,2.080
1238,7coe_H0-L0,IG_ensemble_rank1,2.766,0.716,2.020
1239,7coe_H0-L0,IG_ensemble_rank2,2.287,0.716,1.695
1240,7coe_H0-L0,IG_ensemble_rank3,2.721,0.716,1.990
1241,7ps6_C0-D0,IgFold,1.188,0.733,1.031
1242,7ps6_C0-D0,ABodyBuilder2,0.875,0.733,0.821
1243,7ps6_C0-D0,AF2,1.332,0.733,1.131
1244,7ps6_C0-D0,ABlooper,1.975,0.733,1.599
1245,7ps6_C0-D0,ABB2_ensemble_rank0,0.875,0.733,0.821
1246,7ps6_C0-D0,ABB2_ensemble_rank1,1.453,0.733,1.217
1247,7ps6_C0-D0,ABB2_ensemble_rank2,1.151,0.733,1.005
1248,7ps6_C0-D0,ABB2_ensemble_rank3,1.412,0.733,1.188
1249,7ps6_C0-D0,AF2_ensemble_rank0,1.332,0.733,1.131
1250,7ps6_C0-D0,AF2_ensemble_rank1,0.790,0.733,0.768
1251,7ps6_C0-D0,AF2_ensemble_rank2,1.320,0.733,1.123
1252,7ps6_C0-D0,AF2_ensemble_rank3,1.229,0.733,1.059
1253,7ps6_C0-D0,AF2_ensemble_rank4,1.154,0.733,1.007
1254,7ps6_C0-D0,IG_ensemble_rank0,1.188,0.733,1.031
1255,7ps6_C0-D0,IG_ensemble_rank1,1.219,0.733,1.052
1256,7ps6_C0-D0,IG_ensemble_rank2,1.384,0.733,1.168
1257,7ps6_C0-D0,IG_ensemble_rank3,1.119,0.733,0.983
1258,7q0g_H0-L0,IgFold,2.362,0.532,1.664
1259,7q0g_H0-L0,ABodyBuilder2,2.601,0.532,1.823
1260,7q0g_H0-L0,AF2,2.340,0.532,1.649
1261,7q0g_H0-L0,ABlooper,3.746,0.532,2.596
1262,7q0g_H0-L0,ABB2_ensemble_rank0,2.601,0.532,1.823
1263,7q0g_H0-L0,ABB2_ensemble_rank1,2.500,0.532,1.756
1264,7q0g_H0-L0,ABB2_ensemble_rank2,2.566,0.532,1.800
1265,7q0g_H0-L0,ABB2_ensemble_rank3,2.449,0.532,1.722
1266,7q0g_H0-L0,AF2_ensemble_rank0,2.340,0.532,1.649
1267,7q0g_H0-L0,AF2_ensemble_rank1,2.376,0.532,1.673
1268,7q0g_H0-L0,AF2_ensemble_rank2,2.623,0.532,1.839
1269,7q0g_H0-L0,AF2_ensemble_rank3,2.334,0.532,1.645
1270,7q0g_H0-L0,AF2_ensemble_rank4,2.333,0.532,1.644
1271,7q0g_H0-L0,IG_ensemble_rank0,2.362,0.532,1.664
1272,7q0g_H0-L0,IG_ensemble_rank1,2.354,0.532,1.659
1273,7q0g_H0-L0,IG_ensemble_rank2,2.532,0.532,1.778
1274,7q0g_H0-L0,IG_ensemble_rank3,2.299,0.532,1.622
1275,7mzg_H0-L0,IgFold,1.581,0.550,1.152
1276,7mzg_H0-L0,ABodyBuilder2,1.305,0.550,0.978
1277,7mzg_H0-L0,AF2,1.805,0.550,1.297
1278,7mzg_H0-L0,ABlooper,2.424,0.550,1.704
1279,7mzg_H0-L0,ABB2_ensemble_rank0,1.305,0.550,0.978
1280,7mzg_H0-L0,ABB2_ensemble_rank1,1.435,0.550,1.059
1281,7mzg_H0-L0,ABB2_ensemble_rank2,1.469,0.550,1.081
1282,7mzg_H0-L0,ABB2_ensemble_rank3,1.547,0.550,1.131
1283,7mzg_H0-L0,AF2_ensemble_rank0,1.805,0.550,1.297
1284,7mzg_H0-L0,AF2_ensemble_rank1,1.768,0.550,1.273
1285,7mzg_H0-L0,AF2_ensemble_rank2,1.840,0.550,1.320
1286,7mzg_H0-L0,AF2_ensemble_rank3,1.848,0.550,1.325
1287,7mzg_H0-L0,AF2_ensemble_rank4,1.308,0.550,0.980
1288,7mzg_H0-L0,IG_ensemble_rank0,1.581,0.550,1.152
1289,7mzg_H0-L0,IG_ensemble_rank1,1.500,0.550,1.101
1290,7mzg_H0-L0,IG_ensemble_rank2,1.597,0.550,1.163
1291,7mzg_H0-L0,IG_ensemble_rank3,1.613,0.550,1.173
1292,7pi7_B0-C0,IgFold,0.710,2.483,1.738
1293,7pi7_B0-C0,ABodyBuilder2,0.892,2.483,1.784
1294,7pi7_B0-C0,AF2,0.619,2.483,1.718
1295,7pi7_B0-C0,ABlooper,1.613,2.483,2.046
1296,7pi7_B0-C0,ABB2_ensemble_rank0,0.892,2.483,1.784
1297,7pi7_B0-C0,ABB2_ensemble_rank1,0.687,2.483,1.733
1298,7pi7_B0-C0,ABB2_ensemble_rank2,0.925,2.483,1.793
1299,7pi7_B0-C0,ABB2_ensemble_rank3,0.880,2.483,1.780
1300,7pi7_B0-C0,AF2_ensemble_rank0,0.619,2.483,1.718
1301,7pi7_B0-C0,AF2_ensemble_rank1,0.615,2.483,1.717
1302,7pi7_B0-C0,AF2_ensemble_rank2,0.626,2.483,1.719
1303,7pi7_B0-C0,AF2_ensemble_rank3,0.620,2.483,1.718
1304,7pi7_B0-C0,AF2_ensemble_rank4,0.625,2.483,1.719
1305,7pi7_B0-C0,IG_ensemble_rank0,0.710,2.483,1.738
1306,7pi7_B0-C0,IG_ensemble_rank1,0.733,2.483,1.743
1307,7pi7_B0-C0,IG_ensemble_rank2,0.706,2.483,1.737
1308,7pi7_B0-C0,IG_ensemble_rank3,0.755,2.483,1.748
1309,7e5o_H0-L0,IgFold,1.328,0.510,0.999
1310,7e5o_H0-L0,ABodyBuilder2,1.474,0.510,1.095
1311,7e5o_H0-L0,AF2,1.033,0.510,0.810
1312,7e5o_H0-L0,ABlooper,2.084,0.510,1.505
1313,7e5o_H0-L0,ABB2_ensemble_rank0,1.474,0.510,1.095
1314,7e5o_H0-L0,ABB2_ensemble_rank1,1.495,0.510,1.109
1315,7e5o_H0-L0,ABB2_ensemble_rank2,1.693,0.510,1.241
1316,7e5o_H0-L0,ABB2_ensemble_rank3,1.640,0.510,1.206
1317,7e5o_H0-L0,AF2_ensemble_rank0,1.033,0.510,0.810
1318,7e5o_H0-L0,AF2_ensemble_rank1,1.075,0.510,0.837
1319,7e5o_H0-L0,AF2_ensemble_rank2,0.912,0.510,0.735
1320,7e5o_H0-L0,AF2_ensemble_rank3,0.919,0.510,0.740
1321,7e5o_H0-L0,AF2_ensemble_rank4,1.084,0.510,0.842
1322,7e5o_H0-L0,IG_ensemble_rank0,1.328,0.510,0.999
1323,7e5o_H0-L0,IG_ensemble_rank1,1.315,0.510,0.991
1324,7e5o_H0-L0,IG_ensemble_rank2,1.287,0.510,0.973
1325,7e5o_H0-L0,IG_ensemble_rank3,1.411,0.510,1.054
1326,7n3i_H0-L0,IgFold,1.452,0.550,1.092
1327,7n3i_H0-L0,ABodyBuilder2,1.151,0.550,0.897
1328,7n3i_H0-L0,AF2,1.687,0.550,1.247
1329,7n3i_H0-L0,ABlooper,2.087,0.550,1.516
1330,7n3i_H0-L0,ABB2_ensemble_rank0,1.151,0.550,0.897
1331,7n3i_H0-L0,ABB2_ensemble_rank1,1.163,0.550,0.905
1332,7n3i_H0-L0,ABB2_ensemble_rank2,1.057,0.550,0.839
1333,7n3i_H0-L0,ABB2_ensemble_rank3,0.861,0.550,0.720
1334,7n3i_H0-L0,AF2_ensemble_rank0,1.687,0.550,1.247
1335,7n3i_H0-L0,AF2_ensemble_rank1,1.681,0.550,1.243
1336,7n3i_H0-L0,AF2_ensemble_rank2,1.690,0.550,1.249
1337,7n3i_H0-L0,AF2_ensemble_rank3,1.706,0.550,1.260
1338,7n3i_H0-L0,AF2_ensemble_rank4,1.685,0.550,1.245
1339,7n3i_H0-L0,IG_ensemble_rank0,1.452,0.550,1.092
1340,7n3i_H0-L0,IG_ensemble_rank1,1.461,0.550,1.097
1341,7n3i_H0-L0,IG_ensemble_rank2,1.519,0.550,1.136
1342,7n3i_H0-L0,IG_ensemble_rank3,1.329,0.550,1.011
1343,7ps2_H0-L0,IgFold,2.793,0.339,2.072
1344,7ps2_H0-L0,ABodyBuilder2,3.189,0.339,2.362
1345,7ps2_H0-L0,AF2,2.507,0.339,1.862
1346,7ps2_H0-L0,ABlooper,2.770,0.339,2.055
1347,7ps2_H0-L0,ABB2_ensemble_rank0,3.189,0.339,2.362
1348,7ps2_H0-L0,ABB2_ensemble_rank1,2.856,0.339,2.118
1349,7ps2_H0-L0,ABB2_ensemble_rank2,2.573,0.339,1.911
1350,7ps2_H0-L0,ABB2_ensemble_rank3,3.278,0.339,2.427
1351,7ps2_H0-L0,AF2_ensemble_rank0,2.507,0.339,1.862
1352,7ps2_H0-L0,AF2_ensemble_rank1,2.533,0.339,1.881
1353,7ps2_H0-L0,AF2_ensemble_rank2,2.185,0.339,1.627
1354,7ps2_H0-L0,AF2_ensemble_rank3,2.204,0.339,1.641
1355,7ps2_H0-L0,AF2_ensemble_rank4,2.854,0.339,2.117
1356,7ps2_H0-L0,IG_ensemble_rank0,2.793,0.339,2.072
1357,7ps2_H0-L0,IG_ensemble_rank1,2.628,0.339,1.951
1358,7ps2_H0-L0,IG_ensemble_rank2,2.477,0.339,1.840
1359,7ps2_H0-L0,IG_ensemble_rank3,2.493,0.339,1.852
1360,7rks_H0-L0,IgFold,3.980,1.095,2.812
1361,7rks_H0-L0,ABodyBuilder2,4.216,1.095,2.966
1362,7rks_H0-L0,AF2,3.343,1.095,2.403
1363,7rks_H0-L0,ABlooper,4.505,1.095,3.155
1364,7rks_H0-L0,ABB2_ensemble_rank0,4.216,1.095,2.966
1365,7rks_H0-L0,ABB2_ensemble_rank1,4.107,1.095,2.895
1366,7rks_H0-L0,ABB2_ensemble_rank2,3.507,1.095,2.507
1367,7rks_H0-L0,ABB2_ensemble_rank3,3.805,1.095,2.699
1368,7rks_H0-L0,AF2_ensemble_rank0,3.343,1.095,2.403
1369,7rks_H0-L0,AF2_ensemble_rank1,3.303,1.095,2.377
1370,7rks_H0-L0,AF2_ensemble_rank2,3.436,1.095,2.462
1371,7rks_H0-L0,AF2_ensemble_rank3,3.359,1.095,2.413
1372,7rks_H0-L0,AF2_ensemble_rank4,3.315,1.095,2.385
1373,7rks_H0-L0,IG_ensemble_rank0,3.980,1.095,2.812
1374,7rks_H0-L0,IG_ensemble_rank1,3.953,1.095,2.795
1375,7rks_H0-L0,IG_ensemble_rank2,4.326,1.095,3.037
1376,7rks_H0-L0,IG_ensemble_rank3,3.695,1.095,2.628
1377,7kf0_H0-L0,IgFold,1.737,0.353,1.268
1378,7kf0_H0-L0,ABodyBuilder2,1.971,0.353,1.433
1379,7kf0_H0-L0,AF2,2.011,0.353,1.461
1380,7kf0_H0-L0,ABlooper,1.595,0.353,1.169
1381,7kf0_H0-L0,ABB2_ensemble_rank0,1.971,0.353,1.433
1382,7kf0_H0-L0,ABB2_ensemble_rank1,1.556,0.353,1.141
1383,7kf0_H0-L0,ABB2_ensemble_rank2,1.731,0.353,1.264
1384,7kf0_H0-L0,ABB2_ensemble_rank3,1.653,0.353,1.209
1385,7kf0_H0-L0,AF2_ensemble_rank0,2.011,0.353,1.461
1386,7kf0_H0-L0,AF2_ensemble_rank1,1.873,0.353,1.364
1387,7kf0_H0-L0,AF2_ensemble_rank2,2.009,0.353,1.460
1388,7kf0_H0-L0,AF2_ensemble_rank3,2.049,0.353,1.488
1389,7kf0_H0-L0,AF2_ensemble_rank4,1.851,0.353,1.348
1390,7kf0_H0-L0,IG_ensemble_rank0,1.737,0.353,1.268
1391,7kf0_H0-L0,IG_ensemble_rank1,1.403,0.353,1.034
1392,7kf0_H0-L0,IG_ensemble_rank2,1.573,0.353,1.153
1393,7kf0_H0-L0,IG_ensemble_rank3,1.744,0.353,1.273
